_id,timestamp,pH,Sulphate,Hardness,Conductivity,TDS,Turbidity,prediction,confidence,source
69292b03392a7297232b56f4,2025-11-28T10:24:27.091923,5.5,69,66,152,137,1.3,0,100,MQTT
69292b03f17ae508e4d172f2,2025-11-28T10:24:27.091923,5.5,69,66,152,137,1.3,0,100,MQTT
69292b05392a7297232b56f5,2025-11-28T10:24:29.138856,5.5,69,66,152,137,1.3,0,100,MQTT
69292b05f17ae508e4d172f3,2025-11-28T10:24:29.138856,5.5,69,66,152,137,1.3,0,100,MQTT
69292b17f17ae508e4d172f4,2025-11-28T10:24:47.671771,5.5,69,66,152,137,1.3,0,100,MQTT
69292b17392a7297232b56f6,2025-11-28T10:24:47.671771,5.5,69,66,152,137,1.3,0,100,MQTT
69292b1af17ae508e4d172f5,2025-11-28T10:24:50.547260,5.5,69,66,152,137,1.3,0,100,MQTT
69292b1a392a7297232b56f7,2025-11-28T10:24:50.554345,5.5,69,66,152,137,1.3,0,100,MQTT
69292b31392a7297232b56f8,2025-11-28T10:24:52.699165,7.2,69,66,152,137,1.3,0,100,MQTT
69292b31f17ae508e4d172f6,2025-11-28T10:24:52.699165,7.2,69,66,152,137,1.3,0,100,MQTT
69292b47392a7297232b56f9,2025-11-28T10:25:13.917039,7.2,227,66,152,137,1.3,0,100,MQTT
69292b47f17ae508e4d172f7,2025-11-28T10:25:13.917039,7.2,227,66,152,137,1.3,0,100,MQTT
69292b5c392a7297232b56fa,2025-11-28T10:25:35.087361,7.2,249,66,152,137,1.3,0,100,MQTT
69292b5cf17ae508e4d172f8,2025-11-28T10:25:35.087361,7.2,249,66,152,137,1.3,0,100,MQTT
69292b74f17ae508e4d172f9,2025-11-28T10:25:59.251891,7.2,249,149,430,137,1.3,0,100,MQTT
69292b74392a7297232b56fb,2025-11-28T10:25:59.252921,7.2,249,149,430,137,1.3,0,100,MQTT
69292b89f17ae508e4d172fa,2025-11-28T10:26:20.504321,7.2,249,149,430,137,1.3,0,100,MQTT
69292b89392a7297232b56fc,2025-11-28T10:26:20.504321,7.2,249,149,430,137,1.3,0,100,MQTT
69292b9ef17ae508e4d172fb,2025-11-28T10:26:41.693270,7.2,249,149,430,137,1.3,0,100,MQTT
69292b9e392a7297232b56fd,2025-11-28T10:26:41.693270,7.2,249,149,430,137,1.3,0,100,MQTT
69292bb4f17ae508e4d172fc,2025-11-28T10:27:02.860662,7.2,249,149,430,137,1.3,0,100,MQTT
69292bb4392a7297232b56fe,2025-11-28T10:27:02.860662,7.2,249,149,430,137,1.3,0,100,MQTT
69292bc9392a7297232b56ff,2025-11-28T10:27:24.069563,7.2,249,149,430,137,1.3,0,100,MQTT
69292bc9f17ae508e4d172fd,2025-11-28T10:27:24.068537,7.2,249,149,430,137,1.3,0,100,MQTT
69292bdef17ae508e4d172fe,2025-11-28T10:27:45.276465,7.2,249,149,430,137,1.3,0,100,MQTT
69292bde392a7297232b5700,2025-11-28T10:27:45.277871,7.2,249,149,430,137,1.3,0,100,MQTT
69292c47f17ae508e4d172ff,2025-11-28T10:29:30.103694,6.9,271,262,317,137,1.3,0,100,MQTT
69292c47392a7297232b5701,2025-11-28T10:29:30.103694,6.9,271,262,317,137,1.3,0,100,MQTT
69292c5c392a7297232b5702,2025-11-28T10:29:51.306326,6.9,271,262,317,137,1.3,0,100,MQTT
69292c5cf17ae508e4d17300,2025-11-28T10:29:51.306326,6.9,271,262,317,137,1.3,0,100,MQTT
69292c71392a7297232b5703,2025-11-28T10:30:12.563967,6.9,271,262,317,137,1.3,0,100,MQTT
69292c71f17ae508e4d17301,2025-11-28T10:30:12.563967,6.9,271,262,317,137,1.3,0,100,MQTT
69292c86392a7297232b5704,2025-11-28T10:30:33.765899,6.9,271,262,317,137,1.3,0,100,MQTT
69292c87f17ae508e4d17302,2025-11-28T10:30:33.781268,6.9,271,262,317,137,1.3,0,100,MQTT
69292c9c392a7297232b5705,2025-11-28T10:30:54.976847,6.9,271,262,317,137,1.3,0,100,MQTT
69292c9cf17ae508e4d17303,2025-11-28T10:30:55.010818,6.9,271,262,317,137,1.3,0,100,MQTT
69292d3ff17ae508e4d17304,2025-11-28T10:33:38.410708,6.9,271,262,317,137,1.3,0,100,MQTT
69292d3f392a7297232b5706,2025-11-28T10:33:38.410708,6.9,271,262,317,137,1.3,0,100,MQTT
69292d54f17ae508e4d17305,2025-11-28T10:33:59.573791,6.9,271,262,317,137,1.3,0,100,MQTT
69292d54392a7297232b5707,2025-11-28T10:33:59.573791,6.9,271,262,317,137,1.3,0,100,MQTT
69292d6af17ae508e4d17306,2025-11-28T10:34:20.753091,6.9,271,262,317,137,1.3,0,100,MQTT
69292d6a392a7297232b5708,2025-11-28T10:34:20.753091,6.9,271,262,317,137,1.3,0,100,MQTT
69292d7ff17ae508e4d17307,2025-11-28T10:34:42.061631,6.9,271,262,317,137,1.3,0,100,MQTT
69292d7f392a7297232b5709,2025-11-28T10:34:42.061631,6.9,271,262,317,137,1.3,0,100,MQTT
69292d94f17ae508e4d17308,2025-11-28T10:35:03.280443,6.9,271,262,317,137,1.3,0,100,MQTT
69292d94392a7297232b570a,2025-11-28T10:35:03.280443,6.9,271,262,317,137,1.3,0,100,MQTT
69292dadf17ae508e4d17309,2025-11-28T10:35:27.848219,5.9,69,66,152,137,1.3,0,100,MQTT
69292dad392a7297232b570b,2025-11-28T10:35:27.850236,5.9,69,66,152,137,1.3,0,100,MQTT
69292dc2392a7297232b570c,2025-11-28T10:35:49.032017,5.9,69,66,152,137,1.3,0,100,MQTT
69292dc2f17ae508e4d1730a,2025-11-28T10:35:49.030756,5.9,69,66,152,137,1.3,0,100,MQTT
69292dd7392a7297232b570d,2025-11-28T10:36:10.238644,5.9,69,66,152,137,1.3,0,100,MQTT
69292dd7f17ae508e4d1730b,2025-11-28T10:36:10.238644,5.9,69,66,152,137,1.3,0,100,MQTT
69292decf17ae508e4d1730c,2025-11-28T10:36:31.443436,6.7,69,66,152,137,1.3,0,100,MQTT
69292dec392a7297232b570e,2025-11-28T10:36:31.444447,6.7,69,66,152,137,1.3,0,100,MQTT
69292e01392a7297232b570f,2025-11-28T10:36:52.732443,6.7,69,66,172,137,1.3,0,100,MQTT
69292e01f17ae508e4d1730d,2025-11-28T10:36:52.730914,6.7,69,66,172,137,1.3,0,100,MQTT
69292e17392a7297232b5710,2025-11-28T10:37:13.933184,6.7,69,66,172,137,1.3,0,100,MQTT
69292e17f17ae508e4d1730e,2025-11-28T10:37:13.932175,6.7,69,66,172,137,1.3,0,100,MQTT
69292fa1392a7297232b5711,2025-11-28T10:43:47.977504,6.7,69,66,895,137,1.3,0,100,MQTT
69292fa1f17ae508e4d1730f,2025-11-28T10:43:47.974505,6.7,69,66,895,137,1.3,0,100,MQTT
69292fb6392a7297232b5712,2025-11-28T10:44:09.174563,6.7,69,66,895,137,1.3,0,100,MQTT
69292fb6f17ae508e4d17310,2025-11-28T10:44:09.173555,6.7,69,66,895,137,1.3,0,100,MQTT
69292fcb392a7297232b5713,2025-11-28T10:44:30.396009,6.7,69,66,895,137,1.3,0,100,MQTT
69292fcbf17ae508e4d17311,2025-11-28T10:44:30.394996,6.7,69,66,895,137,1.3,0,100,MQTT
69292fe0f17ae508e4d17312,2025-11-28T10:44:51.588288,6.7,69,66,895,137,1.3,0,100,MQTT
69292fe0392a7297232b5714,2025-11-28T10:44:51.588288,6.7,69,66,895,137,1.3,0,100,MQTT
69292ff5f17ae508e4d17313,2025-11-28T10:45:12.756913,6.7,69,66,895,137,1.3,0,100,MQTT
69292ff5392a7297232b5715,2025-11-28T10:45:12.756913,6.7,69,66,895,137,1.3,0,100,MQTT
692931bdf17ae508e4d17314,2025-11-28T10:52:48.327853,5.5,496,66,152,137,1.3,0,100,MQTT
692931bd392a7297232b5716,2025-11-28T10:52:48.327853,5.5,496,66,152,137,1.3,0,100,MQTT
692931d2392a7297232b5717,2025-11-28T10:53:09.596347,5.5,496,66,152,137,1.3,0,100,MQTT
692931d2f17ae508e4d17315,2025-11-28T10:53:09.596347,5.5,496,66,152,137,1.3,0,100,MQTT
692931e8392a7297232b5718,2025-11-28T10:53:30.859983,5.5,496,66,152,137,1.3,0,100,MQTT
692931e8f17ae508e4d17316,2025-11-28T10:53:30.859983,5.5,496,66,152,137,1.3,0,100,MQTT
692931fd392a7297232b5719,2025-11-28T10:53:52.021178,5.5,496,66,152,137,1.3,0,100,MQTT
692931fdf17ae508e4d17317,2025-11-28T10:53:52.020142,5.5,496,66,152,137,1.3,0,100,MQTT
69293212392a7297232b571a,2025-11-28T10:54:13.203966,5.5,496,66,152,137,1.3,0,100,MQTT
69293212f17ae508e4d17318,2025-11-28T10:54:13.203966,5.5,496,66,152,137,1.3,0,100,MQTT
692932d3392a7297232b571b,2025-11-28T10:57:25.842032,6.7,69,66,895,137,1.3,0,100,MQTT
692932d3f17ae508e4d17319,2025-11-28T10:57:25.843050,6.7,69,66,895,137,1.3,0,100,MQTT
692932e8f17ae508e4d1731a,2025-11-28T10:57:47.036951,6.7,69,66,895,137,1.3,0,100,MQTT
692932e8392a7297232b571c,2025-11-28T10:57:47.036951,6.7,69,66,895,137,1.3,0,100,MQTT
692932fdf17ae508e4d1731b,2025-11-28T10:58:08.231651,6.9,69,66,895,137,1.3,0,100,MQTT
692932fd392a7297232b571d,2025-11-28T10:58:08.233309,6.9,69,66,895,137,1.3,0,100,MQTT
6929333ef17ae508e4d1731c,2025-11-28T10:59:12.948315,6.9,69,66,895,137,1.3,0,100,MQTT
6929333e392a7297232b571e,2025-11-28T10:59:12.940736,6.9,69,66,895,137,1.3,0,100,MQTT
69293353f17ae508e4d1731d,2025-11-28T10:59:34.116062,6.9,69,66,895,137,1.3,0,100,MQTT
69293353392a7297232b571f,2025-11-28T10:59:34.132175,6.9,69,66,895,137,1.3,0,100,MQTT
692936da3ad694cdc7efc922,2025-11-28T11:14:58.144662,5.5,69,66,152,137,1.3,0,100,MQTT
692936dadc9a920a5eeb26f3,2025-11-28T11:14:58.145189,5.5,69,66,152,137,1.3,0,100,MQTT
692936dcdc9a920a5eeb26f4,2025-11-28T11:15:00.109508,5.5,69,66,152,137,1.3,0,100,MQTT
692936dc3ad694cdc7efc923,2025-11-28T11:15:00.109508,5.5,69,66,152,137,1.3,0,100,MQTT
692936e9dc9a920a5eeb26f5,2025-11-28T11:15:13.617160,5.5,69,66,152,137,1.3,0,100,MQTT
692936e93ad694cdc7efc924,2025-11-28T11:15:13.617160,5.5,69,66,152,137,1.3,0,100,MQTT
692936ebdc9a920a5eeb26f6,2025-11-28T11:15:15.655529,5.5,69,66,152,137,1.3,0,100,MQTT
692936eb3ad694cdc7efc925,2025-11-28T11:15:15.655529,5.5,69,66,152,137,1.3,0,100,MQTT
6929370adc9a920a5eeb26f7,2025-11-28T11:15:25.490093,5.5,69,66,152,137,1.3,0,100,MQTT
6929370a3ad694cdc7efc926,2025-11-28T11:15:25.490093,5.5,69,66,152,137,1.3,0,100,MQTT
6929371f3ad694cdc7efc927,2025-11-28T11:15:46.686657,5.5,69,66,152,137,1.3,0,100,MQTT
6929371fdc9a920a5eeb26f8,2025-11-28T11:15:46.686657,5.5,69,66,152,137,1.3,0,100,MQTT
692937353ad694cdc7efc928,2025-11-28T11:16:07.860540,7.7,69,66,152,137,1.3,0,100,MQTT
69293735dc9a920a5eeb26f9,2025-11-28T11:16:07.875065,7.7,69,66,152,137,1.3,0,100,MQTT
6929374adc9a920a5eeb26fa,2025-11-28T11:16:29.052180,7.7,322,66,152,137,1.3,0,99.5,MQTT
6929374a3ad694cdc7efc929,2025-11-28T11:16:29.051203,7.7,322,66,152,137,1.3,0,99.5,MQTT
6929374d3ad694cdc7efc92a,2025-11-28T11:16:53.041007,7.7,322,189,449,592,4.1,1,99.43936724580553,MQTT
6929374e3ad694cdc7efc92b,2025-11-28T11:16:54.783622,7.7,322,189,449,592,4.1,1,99.4393672458055,MQTT
6929374edc9a920a5eeb26fb,2025-11-28T11:16:54.783092,7.7,322,189,449,592,4.1,1,99.43936724580551,MQTT
692937503ad694cdc7efc92c,2025-11-28T11:16:56.799342,7.7,322,189,449,592,4.1,1,99.4393672458055,MQTT
69293750dc9a920a5eeb26fc,2025-11-28T11:16:56.800333,7.7,322,189,449,592,4.1,1,99.4393672458055,MQTT
6929379cdc9a920a5eeb26fd,2025-11-28T11:18:11.892298,7.7,322,189,449,592,4.1,1,99.43936724580551,MQTT
6929379c3ad694cdc7efc92d,2025-11-28T11:18:11.892298,7.7,322,189,449,592,4.1,1,99.4393672458055,MQTT
692937c43ad694cdc7efc92e,2025-11-28T11:18:52.650114,7.7,322,189,449,592,4.1,1,99.43936724580551,MQTT
692937c4dc9a920a5eeb26fe,2025-11-28T11:18:52.650114,7.7,322,189,449,592,4.1,1,99.4393672458055,MQTT
692939e6ed29840ab04916c5,2025-11-28T11:27:58.280831,5.5,69,66,152,137,1.3,0,100,MQTT
692939e6c28af90732c89fb9,2025-11-28T11:27:58.280831,5.5,69,66,152,137,1.3,0,100,MQTT
692939e9c28af90732c89fba,2025-11-28T11:28:01.143058,5.5,69,66,152,137,1.3,0,100,MQTT
692939e9ed29840ab04916c6,2025-11-28T11:28:01.143058,5.5,69,66,152,137,1.3,0,100,MQTT
692939eac28af90732c89fbb,2025-11-28T11:28:02.579114,5.5,69,66,152,137,1.3,0,100,MQTT
692939eaed29840ab04916c7,2025-11-28T11:28:02.579114,5.5,69,66,152,137,1.3,0,100,MQTT
692939ecc28af90732c89fbc,2025-11-28T11:28:04.522530,5.5,69,66,152,137,1.3,0,100,MQTT
692939eced29840ab04916c8,2025-11-28T11:28:04.523531,5.5,69,66,152,137,1.3,0,100,MQTT
692939f1c28af90732c89fbd,2025-11-28T11:28:06.468803,5.5,69,66,152,137,1.3,0,100,MQTT
692939f2ed29840ab04916c9,2025-11-28T11:28:06.468803,5.5,69,66,152,137,1.3,0,100,MQTT
692939f7c28af90732c89fbe,2025-11-28T11:28:09.951993,5.5,69,66,152,137,1.3,0,100,MQTT
692939f9ed29840ab04916ca,2025-11-28T11:28:10.362417,5.5,69,66,152,137,1.3,0,100,MQTT
692939fcc28af90732c89fbf,2025-11-28T11:28:15.611396,5.5,69,66,152,137,1.3,0,100,MQTT
692939fded29840ab04916cb,2025-11-28T11:28:17.101233,5.5,69,66,152,137,1.3,0,100,MQTT
692939ffc28af90732c89fc0,2025-11-28T11:28:20.192200,5.5,69,66,152,137,1.3,0,100,MQTT
69293a00ed29840ab04916cc,2025-11-28T11:28:21.011259,5.5,69,66,152,137,1.3,0,100,MQTT
69293a02c28af90732c89fc1,2025-11-28T11:28:23.192261,5.5,69,66,152,137,1.3,0,100,MQTT
69293a03ed29840ab04916cd,2025-11-28T11:28:24.187119,5.5,69,66,152,137,1.3,0,100,MQTT
69293a05c28af90732c89fc2,2025-11-28T11:28:26.131918,5.5,69,66,152,137,1.3,0,100,MQTT
69293a06ed29840ab04916ce,2025-11-28T11:28:27.359602,5.5,69,66,152,137,1.3,0,100,MQTT
69293a08c28af90732c89fc3,2025-11-28T11:28:29.308551,5.5,69,66,152,137,1.3,0,100,MQTT
69293a09ed29840ab04916cf,2025-11-28T11:28:30.329461,5.5,69,66,152,137,1.3,0,100,MQTT
69293a0bc28af90732c89fc4,2025-11-28T11:28:32.433515,5.5,69,66,152,137,1.3,0,100,MQTT
69293a0ced29840ab04916d0,2025-11-28T11:28:33.400616,5.5,69,66,152,137,1.3,0,100,MQTT
69293a11c28af90732c89fc5,2025-11-28T11:28:38.622287,5.5,69,66,152,137,1.3,0,100,MQTT
69293a11ed29840ab04916d1,2025-11-28T11:28:38.622287,5.5,69,66,152,137,1.3,0,100,MQTT
69293a14ed29840ab04916d2,2025-11-28T11:28:41.799254,5.5,69,66,152,137,1.3,0,100,MQTT
69293a14c28af90732c89fc6,2025-11-28T11:28:41.630684,5.5,69,66,152,137,1.3,0,100,MQTT
69293a18ed29840ab04916d3,2025-11-28T11:28:44.940298,5.5,69,66,152,137,1.3,0,100,MQTT
69293a18c28af90732c89fc7,2025-11-28T11:28:44.940298,5.5,69,66,152,137,1.3,0,100,MQTT
69293a1bc28af90732c89fc8,2025-11-28T11:28:48.352682,5.5,69,66,152,137,1.3,0,100,MQTT
69293a1bed29840ab04916d4,2025-11-28T11:28:48.352682,5.5,69,66,152,137,1.3,0,100,MQTT
69293a1eed29840ab04916d5,2025-11-28T11:28:51.834482,5.5,69,66,152,137,1.3,0,100,MQTT
69293a1ec28af90732c89fc9,2025-11-28T11:28:51.529749,5.5,69,66,152,137,1.3,0,100,MQTT
69293a22ed29840ab04916d6,2025-11-28T11:28:54.911787,5.5,69,66,152,137,1.3,0,100,MQTT
69293a22c28af90732c89fca,2025-11-28T11:28:54.911787,5.5,69,66,152,137,1.3,0,100,MQTT
69293a29c28af90732c89fcb,2025-11-28T11:29:01.691568,5.5,69,66,152,137,1.3,0,100,MQTT
69293a29ed29840ab04916d7,2025-11-28T11:29:01.691568,5.5,69,66,152,137,1.3,0,100,MQTT
69293a30ed29840ab04916d8,2025-11-28T11:29:09.344207,5.5,69,66,152,137,1.3,0,100,MQTT
69293a30c28af90732c89fcc,2025-11-28T11:29:09.343206,5.5,69,66,152,137,1.3,0,100,MQTT
69293a33ed29840ab04916d9,2025-11-28T11:29:12.624437,5.5,69,66,152,137,1.3,0,100,MQTT
69293a33c28af90732c89fcd,2025-11-28T11:29:12.624437,5.5,69,66,152,137,1.3,0,100,MQTT
692946b372bd5a959556cac7,2025-11-28T12:22:35.687372,5.5,69,66,152,137,1.3,0,100,MQTT
692946b3eb5d9f3a267eda74,2025-11-28T12:22:35.679299,5.5,69,66,152,137,1.3,0,100,MQTT
692946c5eb5d9f3a267eda75,2025-11-28T12:22:53.505774,5.5,69,66,152,137,1.3,0,100,MQTT
692946c572bd5a959556cac8,2025-11-28T12:22:53.529507,5.5,69,66,152,137,1.3,0,100,MQTT
692946c772bd5a959556cac9,2025-11-28T12:22:55.545992,6.8,69,66,152,137,1.3,0,100,MQTT
692946c7eb5d9f3a267eda76,2025-11-28T12:22:55.545992,6.8,69,66,152,137,1.3,0,100,MQTT
692946c972bd5a959556caca,2025-11-28T12:22:57.597188,6.9,121,66,152,137,1.3,0,99.5,MQTT
692946c9eb5d9f3a267eda77,2025-11-28T12:22:57.597188,6.9,121,66,152,137,1.3,0,99.5,MQTT
692946ceeb5d9f3a267eda78,2025-11-28T12:22:59.539325,6.9,135,66,152,137,1.3,0,99.5,MQTT
692946ce72bd5a959556cacb,2025-11-28T12:22:59.539325,6.9,135,66,152,137,1.3,0,99.5,MQTT
692946d172bd5a959556cacc,2025-11-28T12:23:02.718577,6.9,135,103,152,137,1.3,0,100,MQTT
692946d1eb5d9f3a267eda79,2025-11-28T12:23:02.718577,6.9,135,103,152,137,1.3,0,100,MQTT
692946d4eb5d9f3a267eda7a,2025-11-28T12:23:05.788630,6.9,135,103,152,137,3.4,0,100,MQTT
692946d472bd5a959556cacd,2025-11-28T12:23:05.788630,6.9,135,103,152,137,3.4,0,100,MQTT
692946d8eb5d9f3a267eda7b,2025-11-28T12:23:08.862075,6.9,135,103,152,1174,3.4,0,100,MQTT
692946d872bd5a959556cace,2025-11-28T12:23:08.963714,6.9,135,103,152,1174,3.4,0,100,MQTT
692946dbeb5d9f3a267eda7c,2025-11-28T12:23:12.035428,6.9,135,103,152,199,3.4,0,99,MQTT
692946db72bd5a959556cacf,2025-11-28T12:23:12.353041,6.9,135,103,152,199,3.4,0,99,MQTT
692946deeb5d9f3a267eda7d,2025-11-28T12:23:15.314035,6.9,135,103,152,376,3.4,0,90.61830063870082,MQTT
692946df72bd5a959556cad0,2025-11-28T12:23:15.623077,6.9,135,103,152,376,3.4,0,90.61830063870082,MQTT
692946e1eb5d9f3a267eda7e,2025-11-28T12:23:18.659846,6.9,135,103,846,376,3.4,0,80.14949210567855,MQTT
692946e272bd5a959556cad1,2025-11-28T12:23:19.003164,6.9,135,103,846,376,3.4,0,80.14949210567853,MQTT
692946e5eb5d9f3a267eda7f,2025-11-28T12:23:21.971402,6.9,135,103,846,376,3.4,0,80.14949210567853,MQTT
692946e5eb5d9f3a267eda80,2025-11-28T12:23:25.246985,6.9,135,103,342,376,3.4,1,99.65363988041415,MQTT
692946e572bd5a959556cad2,2025-11-28T12:23:22.131719,6.9,135,103,846,376,3.4,0,80.14949210567855,MQTT
692946e5eb5d9f3a267eda81,2025-11-28T12:23:25.370480,8.6,135,103,342,376,3.4,0,95.50758459743291,MQTT
692946e572bd5a959556cad3,2025-11-28T12:23:25.449735,6.9,135,103,342,376,3.4,1,99.65363988041418,MQTT
692946e5eb5d9f3a267eda82,2025-11-28T12:23:25.506159,7.7,135,103,342,376,3.4,1,99.63730404500006,MQTT
692946e572bd5a959556cad4,2025-11-28T12:23:25.600194,8.6,135,103,342,376,3.4,0,95.50758459743291,MQTT
692946e5eb5d9f3a267eda83,2025-11-28T12:23:25.655418,6.7,135,103,342,376,3.4,1,99.65139924999016,MQTT
692946e572bd5a959556cad5,2025-11-28T12:23:25.731998,7.7,135,103,342,376,3.4,1,99.63730404500006,MQTT
692946e572bd5a959556cad6,2025-11-28T12:23:25.861743,6.7,135,103,342,376,3.4,1,99.65139924999016,MQTT
6929478472bd5a959556cad7,2025-11-28T12:26:04.070343,6.7,135,103,342,376,3.4,1,99.65139924999018,MQTT
69294784eb5d9f3a267eda84,2025-11-28T12:26:04.070343,6.7,135,103,342,376,3.4,1,99.65139924999018,MQTT
69294786eb5d9f3a267eda85,2025-11-28T12:26:06.053506,6.7,135,103,342,376,3.4,1,99.65139924999016,MQTT
6929478672bd5a959556cad8,2025-11-28T12:26:06.077011,6.7,135,103,342,376,3.4,1,99.65139924999016,MQTT
69294788eb5d9f3a267eda86,2025-11-28T12:26:08.066742,6.7,135,103,342,376,3.4,1,99.65139924999019,MQTT
6929478872bd5a959556cad9,2025-11-28T12:26:08.081851,6.7,135,103,342,376,3.4,1,99.65139924999016,MQTT
69294796eb5d9f3a267eda87,2025-11-28T12:26:22.708669,6.7,135,103,342,376,3.4,1,99.65139924999016,MQTT
6929479672bd5a959556cada,2025-11-28T12:26:22.731998,6.7,135,103,342,376,3.4,1,99.65139924999018,MQTT
692947b372bd5a959556cadb,2025-11-28T12:26:51.586529,6.7,135,103,342,376,3.4,1,99.65139924999016,MQTT
692947b3eb5d9f3a267eda88,2025-11-28T12:26:51.586529,6.7,135,103,342,376,3.4,1,99.65139924999016,MQTT
692947b572bd5a959556cadc,2025-11-28T12:26:53.634313,6.7,135,103,342,376,3.4,1,99.65139924999019,MQTT
692947b5eb5d9f3a267eda89,2025-11-28T12:26:53.634313,6.7,135,103,342,376,3.4,1,99.65139924999018,MQTT
692947b7eb5d9f3a267eda8a,2025-11-28T12:26:55.579337,6.7,135,103,342,376,3.4,1,99.65139924999018,MQTT
692947b772bd5a959556cadd,2025-11-28T12:26:55.579337,6.7,135,103,342,376,3.4,1,99.65139924999018,MQTT
692947b9eb5d9f3a267eda8b,2025-11-28T12:26:57.536575,6.7,135,103,342,376,3.4,1,99.65139924999018,MQTT
692947b972bd5a959556cade,2025-11-28T12:26:57.600568,6.7,135,103,342,376,3.4,1,99.65139924999016,MQTT
692947bbeb5d9f3a267eda8c,2025-11-28T12:26:59.742902,6.7,135,103,342,376,3.4,1,99.65139924999016,MQTT
692947bb72bd5a959556cadf,2025-11-28T12:26:59.762365,6.7,135,103,342,376,3.4,1,99.65139924999016,MQTT
692947bd72bd5a959556cae0,2025-11-28T12:27:01.622991,6.7,135,103,342,376,3.4,1,99.65139924999016,MQTT
692947bdeb5d9f3a267eda8d,2025-11-28T12:27:01.622991,6.7,135,103,342,376,3.4,1,99.65139924999018,MQTT
692947bfeb5d9f3a267eda8e,2025-11-28T12:27:03.668847,6.7,135,103,342,376,3.4,1,99.65139924999016,MQTT
692947bf72bd5a959556cae1,2025-11-28T12:27:03.668847,6.7,135,103,342,376,3.4,1,99.65139924999016,MQTT
692947c1eb5d9f3a267eda8f,2025-11-28T12:27:05.615799,6.7,135,103,342,376,3.4,1,99.65139924999016,MQTT
692947c172bd5a959556cae2,2025-11-28T12:27:05.615799,6.7,135,103,342,376,3.4,1,99.65139924999016,MQTT
692947c3eb5d9f3a267eda90,2025-11-28T12:27:07.866896,6.7,135,103,342,376,3.4,1,99.65139924999018,MQTT
692947c472bd5a959556cae3,2025-11-28T12:27:07.867929,6.7,135,103,342,376,3.4,1,99.65139924999018,MQTT
692947c5eb5d9f3a267eda91,2025-11-28T12:27:09.666514,6.7,135,103,342,376,3.4,1,99.65139924999016,MQTT
692947c572bd5a959556cae4,2025-11-28T12:27:09.666514,6.7,135,103,342,376,3.4,1,99.65139924999016,MQTT
692947c7eb5d9f3a267eda92,2025-11-28T12:27:11.655932,6.7,135,103,342,376,3.4,1,99.65139924999018,MQTT
692947c772bd5a959556cae5,2025-11-28T12:27:11.655932,6.7,135,103,342,376,3.4,1,99.65139924999016,MQTT
692947c9eb5d9f3a267eda93,2025-11-28T12:27:13.705547,6.7,135,103,342,376,3.4,1,99.65139924999018,MQTT
692947c972bd5a959556cae6,2025-11-28T12:27:13.705547,6.7,135,103,342,376,3.4,1,99.65139924999018,MQTT
692947cbeb5d9f3a267eda94,2025-11-28T12:27:15.649970,6.7,135,103,342,376,3.4,1,99.65139924999018,MQTT
692947cb72bd5a959556cae7,2025-11-28T12:27:15.654060,6.7,135,103,342,376,3.4,1,99.65139924999018,MQTT
692947cdeb5d9f3a267eda95,2025-11-28T12:27:17.706821,6.7,135,103,342,376,3.4,1,99.65139924999016,MQTT
692947cd72bd5a959556cae8,2025-11-28T12:27:17.706821,6.7,135,103,342,376,3.4,1,99.65139924999016,MQTT
692947cfeb5d9f3a267eda96,2025-11-28T12:27:19.746454,6.7,135,103,342,376,3.4,1,99.65139924999018,MQTT
692947cf72bd5a959556cae9,2025-11-28T12:27:19.746454,6.7,135,103,342,376,3.4,1,99.65139924999018,MQTT
692947d1eb5d9f3a267eda97,2025-11-28T12:27:21.692612,6.7,135,103,342,376,3.4,1,99.65139924999018,MQTT
692947d172bd5a959556caea,2025-11-28T12:27:21.694123,6.7,135,103,342,376,3.4,1,99.65139924999019,MQTT
692947d3eb5d9f3a267eda98,2025-11-28T12:27:23.662998,6.7,135,103,342,376,3.4,1,99.65139924999018,MQTT
692947d372bd5a959556caeb,2025-11-28T12:27:23.697743,6.7,135,103,342,376,3.4,1,99.65139924999018,MQTT
692947d6eb5d9f3a267eda99,2025-11-28T12:27:25.994353,6.7,135,103,342,376,3.4,1,99.65139924999019,MQTT
692947d672bd5a959556caec,2025-11-28T12:27:25.993381,6.7,135,103,342,376,3.4,1,99.65139924999016,MQTT
692947d7eb5d9f3a267eda9a,2025-11-28T12:27:27.734468,6.7,135,103,342,376,3.4,1,99.65139924999018,MQTT
692947d772bd5a959556caed,2025-11-28T12:27:27.734468,6.7,135,103,342,376,3.4,1,99.65139924999018,MQTT
692947d972bd5a959556caee,2025-11-28T12:27:29.785708,6.7,135,103,342,376,3.4,1,99.65139924999016,MQTT
692947d9eb5d9f3a267eda9b,2025-11-28T12:27:29.785708,6.7,135,103,342,376,3.4,1,99.65139924999018,MQTT
692947dbeb5d9f3a267eda9c,2025-11-28T12:27:31.832061,6.7,135,103,342,376,3.4,1,99.65139924999016,MQTT
692947db72bd5a959556caef,2025-11-28T12:27:31.831032,6.7,135,103,342,376,3.4,1,99.65139924999016,MQTT
692947dd72bd5a959556caf0,2025-11-28T12:27:33.779913,6.7,135,103,342,376,3.4,1,99.65139924999018,MQTT
692947ddeb5d9f3a267eda9d,2025-11-28T12:27:33.780915,6.7,135,103,342,376,3.4,1,99.65139924999016,MQTT
692947dfeb5d9f3a267eda9e,2025-11-28T12:27:35.824397,6.7,135,103,342,376,3.4,1,99.65139924999016,MQTT
692947df72bd5a959556caf1,2025-11-28T12:27:35.824397,6.7,135,103,342,376,3.4,1,99.65139924999018,MQTT
692947e272bd5a959556caf2,2025-11-28T12:27:37.871558,6.7,135,103,342,376,3.4,1,99.65139924999018,MQTT
692947e2eb5d9f3a267eda9f,2025-11-28T12:27:37.871558,6.7,135,103,342,376,3.4,1,99.65139924999018,MQTT
692947e3eb5d9f3a267edaa0,2025-11-28T12:27:39.734600,6.7,135,103,342,376,3.4,1,99.65139924999019,MQTT
692947e372bd5a959556caf3,2025-11-28T12:27:39.764123,6.7,135,103,342,376,3.4,1,99.65139924999016,MQTT
692947e5eb5d9f3a267edaa1,2025-11-28T12:27:41.763773,6.7,135,103,342,376,3.4,1,99.65139924999018,MQTT
692947e572bd5a959556caf4,2025-11-28T12:27:41.779180,6.7,135,103,342,376,3.4,1,99.65139924999016,MQTT
692947e8eb5d9f3a267edaa2,2025-11-28T12:27:43.975998,6.7,135,103,342,376,3.4,1,99.65139924999018,MQTT
692947e872bd5a959556caf5,2025-11-28T12:27:44.032588,6.7,135,103,342,376,3.4,1,99.65139924999016,MQTT
692947e9eb5d9f3a267edaa3,2025-11-28T12:27:45.781888,6.7,135,103,342,376,3.4,1,99.65139924999016,MQTT
692947e972bd5a959556caf6,2025-11-28T12:27:45.814182,6.7,135,103,342,376,3.4,1,99.65139924999016,MQTT
692947ebeb5d9f3a267edaa4,2025-11-28T12:27:47.818802,6.7,135,103,342,376,3.4,1,99.65139924999018,MQTT
692947eb72bd5a959556caf7,2025-11-28T12:27:47.872299,6.7,135,103,342,376,3.4,1,99.65139924999016,MQTT
692947ed72bd5a959556caf8,2025-11-28T12:27:49.852220,6.7,135,103,342,376,3.4,1,99.65139924999016,MQTT
692947edeb5d9f3a267edaa5,2025-11-28T12:27:49.852220,6.7,135,103,342,376,3.4,1,99.65139924999016,MQTT
692947efeb5d9f3a267edaa6,2025-11-28T12:27:51.829583,6.7,135,103,342,376,3.4,1,99.65139924999016,MQTT
692947ef72bd5a959556caf9,2025-11-28T12:27:51.855141,6.7,135,103,342,376,3.4,1,99.65139924999016,MQTT
692947f272bd5a959556cafa,2025-11-28T12:27:53.948959,6.7,135,103,342,376,3.4,1,99.65139924999016,MQTT
692947f2eb5d9f3a267edaa7,2025-11-28T12:27:53.948959,6.7,135,103,342,376,3.4,1,99.65139924999018,MQTT
692947f472bd5a959556cafb,2025-11-28T12:27:55.896970,6.7,135,103,342,376,3.4,1,99.65139924999018,MQTT
692947f4eb5d9f3a267edaa8,2025-11-28T12:27:55.896970,6.7,135,103,342,376,3.4,1,99.65139924999016,MQTT
692947f5eb5d9f3a267edaa9,2025-11-28T12:27:57.839103,6.7,135,103,342,376,3.4,1,99.65139924999016,MQTT
692947f572bd5a959556cafc,2025-11-28T12:27:57.857503,6.7,135,103,342,376,3.4,1,99.65139924999016,MQTT
692947f7eb5d9f3a267edaaa,2025-11-28T12:27:59.855373,6.7,135,103,342,376,3.4,1,99.65139924999018,MQTT
692947f872bd5a959556cafd,2025-11-28T12:27:59.887576,6.7,135,103,342,376,3.4,1,99.65139924999018,MQTT
692947faeb5d9f3a267edaab,2025-11-28T12:28:02.176764,6.7,135,103,342,376,3.4,1,99.65139924999018,MQTT
692947fa72bd5a959556cafe,2025-11-28T12:28:02.242715,6.7,135,103,342,376,3.4,1,99.65139924999016,MQTT
692947fceb5d9f3a267edaac,2025-11-28T12:28:03.882179,6.7,135,103,342,376,3.4,1,99.65139924999019,MQTT
692947fc72bd5a959556caff,2025-11-28T12:28:03.912649,6.7,135,103,342,376,3.4,1,99.65139924999018,MQTT
692947feeb5d9f3a267edaad,2025-11-28T12:28:05.934424,6.7,135,103,342,376,3.4,1,99.65139924999018,MQTT
692947fe72bd5a959556cb00,2025-11-28T12:28:05.934424,6.7,135,103,342,376,3.4,1,99.65139924999018,MQTT
69294800eb5d9f3a267edaae,2025-11-28T12:28:07.913796,6.7,135,103,342,376,3.4,1,99.65139924999018,MQTT
6929480072bd5a959556cb01,2025-11-28T12:28:07.964075,6.7,135,103,342,376,3.4,1,99.65139924999018,MQTT
6929480272bd5a959556cb02,2025-11-28T12:28:10.026245,6.7,135,103,342,376,3.4,1,99.65139924999018,MQTT
69294802eb5d9f3a267edaaf,2025-11-28T12:28:10.026245,6.7,135,103,342,376,3.4,1,99.65139924999018,MQTT
69294804eb5d9f3a267edab0,2025-11-28T12:28:11.972258,6.7,135,103,342,376,3.4,1,99.65139924999016,MQTT
6929480472bd5a959556cb03,2025-11-28T12:28:11.972258,6.7,135,103,342,376,3.4,1,99.65139924999016,MQTT
6929480672bd5a959556cb04,2025-11-28T12:28:14.023358,6.7,135,103,342,376,3.4,1,99.65139924999016,MQTT
69294806eb5d9f3a267edab1,2025-11-28T12:28:14.023358,6.7,135,103,342,376,3.4,1,99.65139924999016,MQTT
69294808eb5d9f3a267edab2,2025-11-28T12:28:15.968642,6.7,135,103,342,376,3.4,1,99.65139924999016,MQTT
6929480872bd5a959556cb05,2025-11-28T12:28:15.967135,6.7,135,103,342,376,3.4,1,99.65139924999018,MQTT
6929480aeb5d9f3a267edab3,2025-11-28T12:28:17.968565,6.7,135,103,342,376,3.4,1,99.65139924999019,MQTT
6929480a72bd5a959556cb06,2025-11-28T12:28:17.994328,6.7,135,103,342,376,3.4,1,99.65139924999018,MQTT
6929480c72bd5a959556cb07,2025-11-28T12:28:20.266167,6.7,135,103,342,376,3.4,1,99.65139924999018,MQTT
6929480ceb5d9f3a267edab4,2025-11-28T12:28:20.266167,6.7,135,103,342,376,3.4,1,99.65139924999018,MQTT
6929480eeb5d9f3a267edab5,2025-11-28T12:28:22.013866,6.7,135,103,342,376,3.4,1,99.65139924999016,MQTT
6929480e72bd5a959556cb08,2025-11-28T12:28:22.013866,6.7,135,103,342,376,3.4,1,99.65139924999016,MQTT
6929481072bd5a959556cb09,2025-11-28T12:28:24.054619,6.7,135,103,342,376,3.4,1,99.65139924999018,MQTT
69294810eb5d9f3a267edab6,2025-11-28T12:28:24.054619,6.7,135,103,342,376,3.4,1,99.65139924999018,MQTT
69294812eb5d9f3a267edab7,2025-11-28T12:28:26.104111,6.7,135,103,342,376,3.4,1,99.65139924999018,MQTT
6929481272bd5a959556cb0a,2025-11-28T12:28:26.104111,6.7,135,103,342,376,3.4,1,99.65139924999018,MQTT
69294814eb5d9f3a267edab8,2025-11-28T12:28:28.051329,6.7,135,103,342,376,3.4,1,99.65139924999018,MQTT
6929481472bd5a959556cb0b,2025-11-28T12:28:28.051329,6.7,135,103,342,376,3.4,1,99.65139924999016,MQTT
69294816eb5d9f3a267edab9,2025-11-28T12:28:30.096696,6.7,135,103,342,376,3.4,1,99.65139924999018,MQTT
6929481672bd5a959556cb0c,2025-11-28T12:28:30.098213,6.7,135,103,342,376,3.4,1,99.65139924999016,MQTT
69294818eb5d9f3a267edaba,2025-11-28T12:28:32.048575,6.7,135,103,342,376,3.4,1,99.65139924999018,MQTT
6929481872bd5a959556cb0d,2025-11-28T12:28:32.060442,6.7,135,103,342,376,3.4,1,99.65139924999018,MQTT
6929481aeb5d9f3a267edabb,2025-11-28T12:28:34.094227,6.7,135,103,342,376,3.4,1,99.65139924999016,MQTT
6929481a72bd5a959556cb0e,2025-11-28T12:28:34.095245,6.7,135,103,342,376,3.4,1,99.65139924999018,MQTT
6929481ceb5d9f3a267edabc,2025-11-28T12:28:36.039029,6.7,135,103,342,376,3.4,1,99.65139924999018,MQTT
6929481c72bd5a959556cb0f,2025-11-28T12:28:36.060605,6.7,135,103,342,376,3.4,1,99.65139924999016,MQTT
6929481eeb5d9f3a267edabd,2025-11-28T12:28:38.392609,6.7,135,103,342,376,3.4,1,99.65139924999016,MQTT
6929481e72bd5a959556cb10,2025-11-28T12:28:38.392609,6.7,135,103,342,376,3.4,1,99.65139924999016,MQTT
6929482072bd5a959556cb11,2025-11-28T12:28:40.134807,6.7,135,103,342,376,3.4,1,99.65139924999019,MQTT
69294820eb5d9f3a267edabe,2025-11-28T12:28:40.134807,6.7,135,103,342,376,3.4,1,99.65139924999016,MQTT
69294822eb5d9f3a267edabf,2025-11-28T12:28:42.080953,6.7,135,103,342,376,3.4,1,99.65139924999018,MQTT
6929482272bd5a959556cb12,2025-11-28T12:28:42.108017,6.7,135,103,342,376,3.4,1,99.65139924999019,MQTT
69294824eb5d9f3a267edac0,2025-11-28T12:28:44.133122,6.7,135,103,342,376,3.4,1,99.65139924999018,MQTT
6929482472bd5a959556cb13,2025-11-28T12:28:44.133122,6.7,135,103,342,376,3.4,1,99.65139924999016,MQTT
6929482672bd5a959556cb14,2025-11-28T12:28:46.173301,6.7,135,103,342,376,3.4,1,99.65139924999016,MQTT
69294826eb5d9f3a267edac1,2025-11-28T12:28:46.173301,6.7,135,103,342,376,3.4,1,99.65139924999019,MQTT
69294828eb5d9f3a267edac2,2025-11-28T12:28:48.121828,6.7,135,103,342,376,3.4,1,99.65139924999018,MQTT
6929482872bd5a959556cb15,2025-11-28T12:28:48.135716,6.7,135,103,342,376,3.4,1,99.65139924999016,MQTT
6929482a72bd5a959556cb16,2025-11-28T12:28:50.167040,6.7,135,103,342,376,3.4,1,99.65139924999018,MQTT
6929482aeb5d9f3a267edac3,2025-11-28T12:28:50.167040,6.7,135,103,342,376,3.4,1,99.65139924999016,MQTT
6929482ceb5d9f3a267edac4,2025-11-28T12:28:52.215644,6.7,135,103,342,376,3.4,1,99.65139924999016,MQTT
6929482c72bd5a959556cb17,2025-11-28T12:28:52.215644,6.7,135,103,342,376,3.4,1,99.65139924999019,MQTT
6929482eeb5d9f3a267edac5,2025-11-28T12:28:54.161498,6.7,135,103,342,376,3.4,1,99.65139924999016,MQTT
6929482e72bd5a959556cb18,2025-11-28T12:28:54.161498,6.7,135,103,342,376,3.4,1,99.65139924999016,MQTT
69294830eb5d9f3a267edac6,2025-11-28T12:28:56.516246,6.7,135,103,342,376,3.4,1,99.65139924999019,MQTT
6929483072bd5a959556cb19,2025-11-28T12:28:56.516758,6.7,135,103,342,376,3.4,1,99.65139924999016,MQTT
6929483272bd5a959556cb1a,2025-11-28T12:28:58.363767,6.7,135,103,342,376,3.4,1,99.65139924999016,MQTT
69294832eb5d9f3a267edac7,2025-11-28T12:28:58.364283,6.7,135,103,342,376,3.4,1,99.65139924999018,MQTT
6929483472bd5a959556cb1b,2025-11-28T12:29:00.206470,6.7,135,103,342,376,3.4,1,99.65139924999019,MQTT
69294835eb5d9f3a267edac8,2025-11-28T12:29:00.922945,6.7,135,103,342,376,3.4,1,99.65139924999016,MQTT
6929483672bd5a959556cb1c,2025-11-28T12:29:02.254087,6.7,135,103,342,376,3.4,1,99.65139924999016,MQTT
69294836eb5d9f3a267edac9,2025-11-28T12:29:02.254087,6.7,135,103,342,376,3.4,1,99.65139924999018,MQTT
69294838eb5d9f3a267edaca,2025-11-28T12:29:04.197629,6.7,135,103,342,376,3.4,1,99.65139924999018,MQTT
6929483872bd5a959556cb1d,2025-11-28T12:29:04.213773,6.7,135,103,342,376,3.4,1,99.65139924999016,MQTT
6929483aeb5d9f3a267edacb,2025-11-28T12:29:06.183557,6.7,135,103,342,376,3.4,1,99.65139924999018,MQTT
6929483a72bd5a959556cb1e,2025-11-28T12:29:06.247351,6.7,135,103,342,376,3.4,1,99.65139924999016,MQTT
6929483c72bd5a959556cb1f,2025-11-28T12:29:08.292172,6.7,135,103,342,376,3.4,1,99.65139924999018,MQTT
6929483ceb5d9f3a267edacc,2025-11-28T12:29:08.292172,6.7,135,103,342,376,3.4,1,99.65139924999018,MQTT
6929483eeb5d9f3a267edacd,2025-11-28T12:29:10.238432,6.7,135,103,342,376,3.4,1,99.65139924999018,MQTT
6929483e72bd5a959556cb20,2025-11-28T12:29:10.258511,6.7,135,103,342,376,3.4,1,99.65139924999016,MQTT
69294840eb5d9f3a267edace,2025-11-28T12:29:12.223515,6.7,135,103,342,376,3.4,1,99.65139924999018,MQTT
6929484072bd5a959556cb21,2025-11-28T12:29:12.279546,6.7,135,103,342,376,3.4,1,99.65139924999018,MQTT
69294842eb5d9f3a267edacf,2025-11-28T12:29:14.479539,6.7,135,103,342,376,3.4,1,99.65139924999016,MQTT
6929484272bd5a959556cb22,2025-11-28T12:29:14.505576,6.7,135,103,342,376,3.4,1,99.65139924999018,MQTT
6929486872bd5a959556cb23,2025-11-28T12:29:52.325469,6.7,135,103,342,376,3.4,1,99.65139924999018,MQTT
69294868eb5d9f3a267edad0,2025-11-28T12:29:52.325469,6.7,135,103,342,376,3.4,1,99.65139924999019,MQTT
6929486aeb5d9f3a267edad1,2025-11-28T12:29:54.275632,6.7,135,103,342,376,3.4,1,99.65139924999018,MQTT
6929486a72bd5a959556cb24,2025-11-28T12:29:54.309425,6.7,135,103,342,376,3.4,1,99.65139924999016,MQTT
6929486ceb5d9f3a267edad2,2025-11-28T12:29:56.318667,6.7,135,103,342,376,3.4,1,99.65139924999018,MQTT
6929486c72bd5a959556cb25,2025-11-28T12:29:56.318667,6.7,135,103,342,376,3.4,1,99.65139924999016,MQTT
6929486eeb5d9f3a267edad3,2025-11-28T12:29:58.273147,6.7,135,103,342,376,3.4,1,99.65139924999018,MQTT
6929486e72bd5a959556cb26,2025-11-28T12:29:58.296373,6.7,135,103,342,376,3.4,1,99.65139924999016,MQTT
6929487aeb5d9f3a267edad4,2025-11-28T12:30:10.548097,6.7,135,103,342,376,3.4,1,99.65139924999016,MQTT
6929487a72bd5a959556cb27,2025-11-28T12:30:10.605384,6.7,135,103,342,376,3.4,1,99.65139924999018,MQTT
692948dbeb5d9f3a267edad5,2025-11-28T12:31:47.221337,5.5,69,66,152,137,1.3,0,100,MQTT
692948db72bd5a959556cb28,2025-11-28T12:31:47.221337,5.5,69,66,152,137,1.3,0,100,MQTT
692948ddeb5d9f3a267edad6,2025-11-28T12:31:49.167752,5.5,69,66,152,137,1.3,0,100,MQTT
692948dd72bd5a959556cb29,2025-11-28T12:31:49.197909,5.5,69,66,152,137,1.3,0,100,MQTT
692948dfeb5d9f3a267edad7,2025-11-28T12:31:51.216965,5.5,69,66,152,137,1.3,0,100,MQTT
692948df72bd5a959556cb2a,2025-11-28T12:31:51.216965,5.5,69,66,152,137,1.3,0,100,MQTT
692948e1eb5d9f3a267edad8,2025-11-28T12:31:53.263731,5.5,69,66,152,137,1.3,0,100,MQTT
692948e172bd5a959556cb2b,2025-11-28T12:31:53.263731,5.5,69,66,152,137,1.3,0,100,MQTT
692948e6eb5d9f3a267edad9,2025-11-28T12:31:55.209475,5.5,69,66,152,137,1.3,0,100,MQTT
692948e672bd5a959556cb2c,2025-11-28T12:31:55.209475,5.5,69,66,152,137,1.3,0,100,MQTT
692948e9eb5d9f3a267edada,2025-11-28T12:31:58.387768,5.5,69,66,152,137,1.3,0,100,MQTT
692948e972bd5a959556cb2d,2025-11-28T12:31:58.450385,5.5,69,66,152,137,1.3,0,100,MQTT
692948ec72bd5a959556cb2e,2025-11-28T12:32:01.722248,5.5,69,66,152,137,1.3,0,100,MQTT
692948eceb5d9f3a267edadb,2025-11-28T12:32:01.722248,5.5,69,66,152,137,1.3,0,100,MQTT
692948efeb5d9f3a267edadc,2025-11-28T12:32:04.838118,5.5,69,66,152,137,1.3,0,100,MQTT
692948f072bd5a959556cb2f,2025-11-28T12:32:04.735619,5.5,69,66,152,137,1.3,0,100,MQTT
692948f372bd5a959556cb30,2025-11-28T12:32:08.012824,5.5,69,66,152,137,1.3,0,100,MQTT
692948f3eb5d9f3a267edadd,2025-11-28T12:32:07.910051,5.5,69,66,152,137,1.3,0,100,MQTT
692948f672bd5a959556cb31,2025-11-28T12:32:11.493793,5.5,69,66,152,137,1.3,0,100,MQTT
692948f7eb5d9f3a267edade,2025-11-28T12:32:11.596008,5.5,69,66,152,137,1.3,0,100,MQTT
692948f972bd5a959556cb32,2025-11-28T12:32:14.672558,5.5,69,66,152,137,1.3,0,100,MQTT
692948faeb5d9f3a267edadf,2025-11-28T12:32:15.047842,5.5,69,66,152,137,1.3,0,100,MQTT
692948fd72bd5a959556cb33,2025-11-28T12:32:17.945366,5.5,69,66,152,137,1.3,0,100,MQTT
692948fdeb5d9f3a267edae0,2025-11-28T12:32:18.661554,5.5,69,66,152,137,1.3,0,100,MQTT
6929490072bd5a959556cb34,2025-11-28T12:32:21.428382,5.5,69,66,152,137,1.3,0,100,MQTT
69294901eb5d9f3a267edae1,2025-11-28T12:32:21.836429,5.5,69,66,152,137,1.3,0,100,MQTT
6929490472bd5a959556cb35,2025-11-28T12:32:24.703897,5.5,69,66,152,137,1.3,0,100,MQTT
69294904eb5d9f3a267edae2,2025-11-28T12:32:25.010521,5.5,69,66,152,137,1.3,0,100,MQTT
6929490772bd5a959556cb36,2025-11-28T12:32:28.105466,5.5,69,66,152,137,1.3,0,100,MQTT
69294907eb5d9f3a267edae3,2025-11-28T12:32:28.390208,5.5,69,66,152,137,1.3,0,100,MQTT
6929490beb5d9f3a267edae4,2025-11-28T12:32:31.872459,5.5,69,66,152,137,1.3,0,100,MQTT
6929490b72bd5a959556cb37,2025-11-28T12:32:31.567244,5.5,69,66,152,137,1.3,0,100,MQTT
6929490e72bd5a959556cb38,2025-11-28T12:32:35.455403,5.5,69,66,152,137,1.3,0,100,MQTT
6929490eeb5d9f3a267edae5,2025-11-28T12:32:35.455403,5.5,69,66,152,137,1.3,0,100,MQTT
6929491272bd5a959556cb39,2025-11-28T12:32:38.939895,5.5,69,66,152,137,1.3,0,100,MQTT
69294912eb5d9f3a267edae6,2025-11-28T12:32:38.939895,5.5,69,66,152,137,1.3,0,100,MQTT
69294916eb5d9f3a267edae7,2025-11-28T12:32:42.525235,5.5,380,66,152,137,1.3,0,100,MQTT
6929491672bd5a959556cb3a,2025-11-28T12:32:42.525235,5.5,380,66,152,137,1.3,0,100,MQTT
6929491972bd5a959556cb3b,2025-11-28T12:32:46.841537,5.5,97,66,152,137,1.3,0,100,MQTT
69294919eb5d9f3a267edae8,2025-11-28T12:32:46.307982,5.5,97,66,152,137,1.3,0,100,MQTT
6929491ceb5d9f3a267edae9,2025-11-28T12:32:49.794366,6.8,97,66,152,137,1.3,0,100,MQTT
6929491d72bd5a959556cb3c,2025-11-28T12:32:49.794366,6.8,97,66,152,137,1.3,0,100,MQTT
69294920eb5d9f3a267edaea,2025-11-28T12:32:52.974904,6.1,97,66,152,137,1.3,0,100,MQTT
6929492072bd5a959556cb3d,2025-11-28T12:32:53.115615,6.1,97,66,152,137,1.3,0,100,MQTT
69294923eb5d9f3a267edaeb,2025-11-28T12:32:56.351150,5.5,97,66,152,137,1.3,0,100,MQTT
6929492372bd5a959556cb3e,2025-11-28T12:32:56.655578,5.5,97,66,152,137,1.3,0,100,MQTT
69294927eb5d9f3a267edaec,2025-11-28T12:32:59.726577,8.7,97,66,152,137,1.3,0,100,MQTT
6929492772bd5a959556cb3f,2025-11-28T12:32:59.827864,8.7,97,66,152,137,1.3,0,100,MQTT
6929492aeb5d9f3a267edaed,2025-11-28T12:33:03.207249,7.4,97,66,152,137,1.3,0,100,MQTT
6929492a72bd5a959556cb40,2025-11-28T12:33:03.207249,7.4,97,66,152,137,1.3,0,100,MQTT
6929492deb5d9f3a267edaee,2025-11-28T12:33:06.792050,6.7,97,66,152,137,1.3,0,100,MQTT
6929492e72bd5a959556cb41,2025-11-28T12:33:06.792050,6.7,97,66,152,137,1.3,0,100,MQTT
69294931eb5d9f3a267edaef,2025-11-28T12:33:09.966918,6.7,97,66,386,137,1.3,0,100,MQTT
6929493272bd5a959556cb42,2025-11-28T12:33:10.273406,6.7,97,66,386,137,1.3,0,100,MQTT
69294935eb5d9f3a267edaf0,2025-11-28T12:33:13.559345,6.7,97,66,565,137,1.3,0,100,MQTT
6929493672bd5a959556cb43,2025-11-28T12:33:14.481683,6.7,97,66,565,137,1.3,0,100,MQTT
69294938eb5d9f3a267edaf1,2025-11-28T12:33:17.646294,6.7,97,66,783,137,1.3,0,100,MQTT
6929493972bd5a959556cb44,2025-11-28T12:33:18.063035,6.7,97,66,783,137,1.3,0,100,MQTT
6929493b72bd5a959556cb45,2025-11-28T12:33:21.333278,6.7,97,66,793,245,1.3,0,100,MQTT
6929493ceb5d9f3a267edaf2,2025-11-28T12:33:20.929572,6.7,97,66,793,245,1.3,0,100,MQTT
6929493d72bd5a959556cb46,2025-11-28T12:33:23.307956,6.7,97,66,793,658,1.3,0,100,MQTT
6929493feb5d9f3a267edaf3,2025-11-28T12:33:24.718420,6.7,97,66,793,658,1.3,0,100,MQTT
6929493f72bd5a959556cb47,2025-11-28T12:33:25.635527,6.7,97,66,793,1047,1.3,0,100,MQTT
69294941eb5d9f3a267edaf4,2025-11-28T12:33:27.066805,6.7,97,66,793,1047,1.3,0,100,MQTT
6929494172bd5a959556cb48,2025-11-28T12:33:27.893010,6.7,97,66,793,762,1.3,0,100,MQTT
69294943eb5d9f3a267edaf5,2025-11-28T12:33:29.226395,6.7,97,66,793,762,1.3,0,100,MQTT
6929494472bd5a959556cb49,2025-11-28T12:33:29.936115,6.7,97,66,793,639,1.6,0,98.5,MQTT
69294946eb5d9f3a267edaf6,2025-11-28T12:33:31.765574,6.7,97,66,793,639,1.6,0,98.5,MQTT
6929494672bd5a959556cb4a,2025-11-28T12:33:32.494279,6.7,97,66,793,639,4.7,0,98.50594059405941,MQTT
69294948eb5d9f3a267edaf7,2025-11-28T12:33:34.235017,6.7,97,66,793,639,4.7,0,98.50594059405941,MQTT
6929494972bd5a959556cb4b,2025-11-28T12:33:34.850638,6.7,97,66,793,639,5.8,0,100,MQTT
6929494aeb5d9f3a267edaf8,2025-11-28T12:33:36.386750,6.7,97,66,793,639,5.8,0,100,MQTT
6929494b72bd5a959556cb4c,2025-11-28T12:33:37.102571,6.7,210,66,793,639,5.8,0,100,MQTT
6929494ceb5d9f3a267edaf9,2025-11-28T12:33:38.537584,6.7,210,66,793,639,5.8,0,100,MQTT
6929494d72bd5a959556cb4d,2025-11-28T12:33:39.261065,6.7,452,66,793,639,5.8,0,100,MQTT
6929494feb5d9f3a267edafa,2025-11-28T12:33:40.895457,6.7,452,66,793,639,5.8,0,100,MQTT
6929494f72bd5a959556cb4e,2025-11-28T12:33:41.405262,6.7,417,66,793,639,5.8,0,100,MQTT
69294951eb5d9f3a267edafb,2025-11-28T12:33:43.360471,6.7,417,66,793,639,5.8,0,100,MQTT
6929495272bd5a959556cb4f,2025-11-28T12:33:43.760150,6.7,325,66,793,639,5.8,0,100,MQTT
69294954eb5d9f3a267edafc,2025-11-28T12:33:45.807721,6.7,325,66,793,639,5.8,0,100,MQTT
6929495472bd5a959556cb50,2025-11-28T12:33:46.318808,6.7,325,152,793,639,5.8,0,99.5,MQTT
69294956eb5d9f3a267edafd,2025-11-28T12:33:48.061574,6.7,325,152,793,639,5.8,0,99.5,MQTT
6929495672bd5a959556cb51,2025-11-28T12:33:48.199897,6.7,325,261,793,639,5.8,0,100,MQTT
69294958eb5d9f3a267edafe,2025-11-28T12:33:50.214116,6.7,325,261,793,639,5.8,0,100,MQTT
6929495872bd5a959556cb52,2025-11-28T12:33:50.369484,6.7,325,276,793,639,5.8,0,100,MQTT
6929495beb5d9f3a267edaff,2025-11-28T12:33:52.565984,6.7,325,276,793,639,5.8,0,100,MQTT
6929495b72bd5a959556cb53,2025-11-28T12:33:52.565984,6.7,325,161,793,639,5.8,0,99.5,MQTT
6929495deb5d9f3a267edb00,2025-11-28T12:33:55.142567,6.7,325,161,793,639,5.8,0,99.5,MQTT
6929499672bd5a959556cb54,2025-11-28T12:34:52.268805,6.7,325,161,793,639,5.8,0,99.5,MQTT
69294996eb5d9f3a267edb01,2025-11-28T12:34:52.268805,6.7,325,161,793,639,5.8,0,99.5,MQTT
6929499972bd5a959556cb55,2025-11-28T12:34:54.727245,6.7,325,161,793,639,5.8,0,99.5,MQTT
69294999eb5d9f3a267edb02,2025-11-28T12:34:54.728775,6.7,325,161,793,639,5.8,0,99.5,MQTT
6929499beb5d9f3a267edb03,2025-11-28T12:34:57.051950,6.7,325,161,793,639,5.8,0,99.5,MQTT
6929499b72bd5a959556cb56,2025-11-28T12:34:57.045423,6.7,325,161,793,639,5.8,0,99.5,MQTT
6929499deb5d9f3a267edb04,2025-11-28T12:34:59.334455,6.7,325,161,793,639,5.8,0,99.5,MQTT
6929499e72bd5a959556cb57,2025-11-28T12:34:59.436124,6.7,325,161,793,639,5.8,0,99.5,MQTT
6929499feb5d9f3a267edb05,2025-11-28T12:35:01.590355,6.7,325,161,793,639,5.8,0,99.5,MQTT
692949a072bd5a959556cb58,2025-11-28T12:35:02.405195,6.7,325,161,793,639,5.8,0,99.5,MQTT
692949a2eb5d9f3a267edb06,2025-11-28T12:35:03.846706,6.7,325,161,793,639,5.8,0,99.5,MQTT
692949a272bd5a959556cb59,2025-11-28T12:35:04.556617,6.7,325,161,793,639,5.8,0,99.5,MQTT
692949a4eb5d9f3a267edb07,2025-11-28T12:35:06.196759,6.7,325,161,793,639,5.8,0,99.5,MQTT
692949a472bd5a959556cb5a,2025-11-28T12:35:06.912539,6.7,325,161,793,639,5.8,0,99.5,MQTT
692949a6eb5d9f3a267edb08,2025-11-28T12:35:08.138333,6.7,325,161,793,639,5.8,0,99.5,MQTT
692949a772bd5a959556cb5b,2025-11-28T12:35:08.860229,6.7,325,161,793,639,5.8,0,99.5,MQTT
692949a8eb5d9f3a267edb09,2025-11-28T12:35:10.289222,6.7,325,161,793,639,5.8,0,99.5,MQTT
692949a972bd5a959556cb5c,2025-11-28T12:35:11.316826,6.7,325,161,793,639,5.8,0,99.5,MQTT
692949abeb5d9f3a267edb0a,2025-11-28T12:35:12.654207,6.7,325,161,793,639,5.8,0,99.5,MQTT
692949ac72bd5a959556cb5d,2025-11-28T12:35:13.777161,6.7,325,161,793,639,5.8,0,99.5,MQTT
692949adeb5d9f3a267edb0b,2025-11-28T12:35:15.070693,6.7,325,161,793,639,5.8,0,99.5,MQTT
692949ae72bd5a959556cb5e,2025-11-28T12:35:16.228239,6.7,325,161,793,639,5.8,0,99.5,MQTT
692949b0eb5d9f3a267edb0c,2025-11-28T12:35:17.509442,6.7,325,161,793,639,5.8,0,99.5,MQTT
692949b172bd5a959556cb5f,2025-11-28T12:35:18.449604,6.7,325,161,793,639,5.8,0,99.5,MQTT
692949b2eb5d9f3a267edb0d,2025-11-28T12:35:20.240168,6.7,325,161,793,639,5.8,0,99.5,MQTT
692949b372bd5a959556cb60,2025-11-28T12:35:21.218810,6.7,325,161,793,639,5.8,0,99.5,MQTT
69294d2672bd5a959556cb61,2025-11-28T12:49:45.024004,6.7,79,161,793,639,5.8,0,100,MQTT
69294d26eb5d9f3a267edb0e,2025-11-28T12:49:45.624487,6.7,79,161,793,639,5.8,0,100,MQTT
69294d3b72bd5a959556cb62,2025-11-28T12:50:06.366605,6.7,79,161,793,639,5.8,0,100,MQTT
69294d3beb5d9f3a267edb0f,2025-11-28T12:50:06.818622,6.7,79,161,793,639,5.8,0,100,MQTT
69294d5072bd5a959556cb63,2025-11-28T12:50:27.535904,6.7,79,161,793,639,5.8,0,100,MQTT
69294d51eb5d9f3a267edb10,2025-11-28T12:50:27.989977,6.7,79,161,793,639,5.8,0,100,MQTT
69294d6572bd5a959556cb64,2025-11-28T12:50:48.718862,6.7,79,161,793,639,5.8,0,100,MQTT
69294d66eb5d9f3a267edb11,2025-11-28T12:50:49.175480,6.7,79,161,793,639,5.8,0,100,MQTT
69294ebe72bd5a959556cb65,2025-11-28T12:56:32.933510,5.5,69,66,152,137,1.3,0,100,MQTT
69294ebeeb5d9f3a267edb12,2025-11-28T12:56:32.923147,5.5,69,66,152,137,1.3,0,100,MQTT
69294ed372bd5a959556cb66,2025-11-28T12:56:54.118816,5.5,69,66,152,137,1.3,0,100,MQTT
69294ed3eb5d9f3a267edb13,2025-11-28T12:56:54.118816,5.5,69,66,152,137,1.3,0,100,MQTT
69294ee8eb5d9f3a267edb14,2025-11-28T12:57:15.314994,5.5,69,66,152,137,1.3,0,100,MQTT
69294ee872bd5a959556cb67,2025-11-28T12:57:15.314994,5.5,69,66,152,137,1.3,0,100,MQTT
69296e938e9bda51a6283172,2025-11-28T15:12:43.257308,5.5,69,66,152,137,1.3,0,100,MQTT
69296e932bf974eeebeaa519,2025-11-28T15:12:43.257308,5.5,69,66,152,137,1.3,0,100,MQTT
69296e9e8e9bda51a6283173,2025-11-28T15:12:54.448611,5.5,69,66,152,137,1.3,0,100,MQTT
69296e9e2bf974eeebeaa51a,2025-11-28T15:12:54.448611,5.5,69,66,152,137,1.3,0,100,MQTT
69296ea08e9bda51a6283174,2025-11-28T15:12:56.401009,5.5,69,66,152,137,1.3,0,100,MQTT
69296ea02bf974eeebeaa51b,2025-11-28T15:12:56.401009,5.5,69,66,152,137,1.3,0,100,MQTT
69296ea28e9bda51a6283175,2025-11-28T15:12:58.398290,5.5,69,66,152,137,1.3,0,100,MQTT
69296ea22bf974eeebeaa51c,2025-11-28T15:12:58.404403,5.5,69,66,152,137,1.3,0,100,MQTT
69296eb98e9bda51a6283176,2025-11-28T15:13:00.621094,5.5,69,66,152,137,1.3,0,100,MQTT
69296eba2bf974eeebeaa51d,2025-11-28T15:13:01.063181,5.5,69,66,152,137,1.3,0,100,MQTT
69296ece8e9bda51a6283177,2025-11-28T15:13:21.801964,5.5,69,66,152,137,1.3,0,100,MQTT
69296ecf2bf974eeebeaa51e,2025-11-28T15:13:22.220552,5.5,69,66,152,137,1.3,0,100,MQTT
69296ee48e9bda51a6283178,2025-11-28T15:13:42.929119,5.5,69,66,152,137,1.3,0,100,MQTT
69296ee42bf974eeebeaa51f,2025-11-28T15:13:43.367863,5.5,69,66,152,137,1.3,0,100,MQTT
69296ef98e9bda51a6283179,2025-11-28T15:14:04.083185,5.5,69,66,152,137,1.3,0,100,MQTT
69296ef92bf974eeebeaa520,2025-11-28T15:14:04.528025,5.5,69,66,152,137,1.3,0,100,MQTT
69296f0e8e9bda51a628317a,2025-11-28T15:14:25.209187,5.5,69,66,152,137,1.3,0,100,MQTT
69296f0e2bf974eeebeaa521,2025-11-28T15:14:25.678010,5.5,69,66,152,137,1.3,0,100,MQTT
69296f148e9bda51a628317b,2025-11-28T15:14:52.821580,6.7,241,142,458,622,4.9,1,99.65201551172117,MQTT
69296f142bf974eeebeaa522,2025-11-28T15:14:52.821580,6.7,241,142,458,622,4.9,1,99.6520155117212,MQTT
69296f162bf974eeebeaa523,2025-11-28T15:14:54.808940,6.7,241,142,458,622,4.9,1,99.65201551172119,MQTT
69296f168e9bda51a628317c,2025-11-28T15:14:54.808940,6.7,241,142,458,622,4.9,1,99.65201551172119,MQTT
69296f198e9bda51a628317d,2025-11-28T15:14:57.186411,6.7,241,142,458,622,4.9,1,99.6520155117212,MQTT
69296f192bf974eeebeaa524,2025-11-28T15:14:57.186411,6.7,241,142,458,622,4.9,1,99.65201551172117,MQTT
69296f1b2bf974eeebeaa525,2025-11-28T15:14:59.581762,6.7,241,142,458,622,4.9,1,99.65201551172117,MQTT
69296f1b8e9bda51a628317e,2025-11-28T15:14:59.581762,6.7,241,142,458,622,4.9,1,99.65201551172119,MQTT
69296f1d8e9bda51a628317f,2025-11-28T15:15:01.418234,6.7,241,142,458,622,4.9,1,99.65201551172119,MQTT
69296f1d2bf974eeebeaa526,2025-11-28T15:15:01.417083,6.7,241,142,458,622,4.9,1,99.65201551172119,MQTT
69296f1f2bf974eeebeaa527,2025-11-28T15:15:03.782842,6.7,241,142,458,622,4.9,1,99.65201551172119,MQTT
69296f1f8e9bda51a6283180,2025-11-28T15:15:03.782842,6.7,241,142,458,622,4.9,1,99.65201551172119,MQTT
69296f228e9bda51a6283181,2025-11-28T15:15:05.982112,6.7,241,142,458,622,4.9,1,99.65201551172119,MQTT
69296f222bf974eeebeaa528,2025-11-28T15:15:05.982112,6.7,241,142,458,622,4.9,1,99.65201551172117,MQTT
69296f238e9bda51a6283182,2025-11-28T15:15:07.884468,6.7,241,142,458,622,4.9,1,99.65201551172119,MQTT
69296f232bf974eeebeaa529,2025-11-28T15:15:07.884468,6.7,241,142,458,622,4.9,1,99.65201551172119,MQTT
69296f258e9bda51a6283183,2025-11-28T15:15:09.136624,6.7,241,142,458,622,4.9,1,99.65201551172119,MQTT
69296f252bf974eeebeaa52a,2025-11-28T15:15:09.136624,6.7,241,142,458,622,4.9,1,99.65201551172119,MQTT
69296f268e9bda51a6283184,2025-11-28T15:15:10.886065,6.7,241,142,458,622,4.9,1,99.65201551172119,MQTT
69296f262bf974eeebeaa52b,2025-11-28T15:15:10.886065,6.7,241,142,458,622,4.9,1,99.65201551172119,MQTT
69296f292bf974eeebeaa52c,2025-11-28T15:15:13.520479,6.7,241,142,458,622,4.9,1,99.6520155117212,MQTT
69296f298e9bda51a6283185,2025-11-28T15:15:13.520479,6.7,241,142,458,622,4.9,1,99.6520155117212,MQTT
69296f2b8e9bda51a6283186,2025-11-28T15:15:15.039803,6.7,241,142,458,622,4.9,1,99.65201551172119,MQTT
69296f2b2bf974eeebeaa52d,2025-11-28T15:15:15.039803,6.7,241,142,458,622,4.9,1,99.6520155117212,MQTT
69296f2d8e9bda51a6283187,2025-11-28T15:15:17.148236,6.7,241,142,458,622,4.9,1,99.65201551172119,MQTT
69296f2d2bf974eeebeaa52e,2025-11-28T15:15:17.148236,6.7,241,142,458,622,4.9,1,99.65201551172119,MQTT
69296f2e8e9bda51a6283188,2025-11-28T15:15:18.910233,6.7,241,142,458,622,4.9,1,99.65201551172119,MQTT
69296f2f2bf974eeebeaa52f,2025-11-28T15:15:18.910233,6.7,241,142,458,622,4.9,1,99.65201551172119,MQTT
69296f318e9bda51a6283189,2025-11-28T15:15:20.941518,6.7,241,142,458,622,4.9,1,99.65201551172119,MQTT
69296f312bf974eeebeaa530,2025-11-28T15:15:20.941518,6.7,241,142,458,622,4.9,1,99.65201551172119,MQTT
69296f338e9bda51a628318a,2025-11-28T15:15:22.969848,6.7,241,142,458,622,4.9,1,99.6520155117212,MQTT
69296f332bf974eeebeaa531,2025-11-28T15:15:22.969848,6.7,241,142,458,622,4.9,1,99.65201551172117,MQTT
69296f358e9bda51a628318b,2025-11-28T15:15:25.033436,6.7,241,142,458,622,4.9,1,99.65201551172119,MQTT
69296f352bf974eeebeaa532,2025-11-28T15:15:25.033436,6.7,241,142,458,622,4.9,1,99.65201551172119,MQTT
69296f372bf974eeebeaa533,2025-11-28T15:15:26.915758,6.7,241,142,458,622,4.9,1,99.65201551172119,MQTT
69296f378e9bda51a628318c,2025-11-28T15:15:26.915758,6.7,241,142,458,622,4.9,1,99.65201551172117,MQTT
69296f392bf974eeebeaa534,2025-11-28T15:15:29.109669,6.7,241,142,458,622,4.9,1,99.65201551172119,MQTT
69296f398e9bda51a628318d,2025-11-28T15:15:29.113080,6.7,241,142,458,622,4.9,1,99.65201551172119,MQTT
69296f3b8e9bda51a628318e,2025-11-28T15:15:31.199948,6.7,241,142,458,622,4.9,1,99.65201551172119,MQTT
69296f3b2bf974eeebeaa535,2025-11-28T15:15:31.199948,6.7,241,142,458,622,4.9,1,99.6520155117212,MQTT
69296f3d2bf974eeebeaa536,2025-11-28T15:15:33.204094,6.7,241,142,458,622,4.9,1,99.65201551172119,MQTT
69296f3d8e9bda51a628318f,2025-11-28T15:15:33.203083,6.7,241,142,458,622,4.9,1,99.65201551172119,MQTT
69296f3f2bf974eeebeaa537,2025-11-28T15:15:35.043882,6.7,241,142,458,622,4.9,1,99.65201551172117,MQTT
69296f3f8e9bda51a6283190,2025-11-28T15:15:35.043882,6.7,241,142,458,622,4.9,1,99.65201551172119,MQTT
69296f418e9bda51a6283191,2025-11-28T15:15:37.289716,6.7,241,142,458,622,4.9,1,99.65201551172119,MQTT
69296f412bf974eeebeaa538,2025-11-28T15:15:37.288715,6.7,241,142,458,622,4.9,1,99.65201551172119,MQTT
69296f438e9bda51a6283192,2025-11-28T15:15:39.435439,6.7,241,142,458,622,4.9,1,99.65201551172117,MQTT
69296f432bf974eeebeaa539,2025-11-28T15:15:39.435439,6.7,241,142,458,622,4.9,1,99.65201551172119,MQTT
69296f452bf974eeebeaa53a,2025-11-28T15:15:41.072560,6.7,241,142,458,622,4.9,1,99.65201551172119,MQTT
69296f458e9bda51a6283193,2025-11-28T15:15:41.072560,6.7,241,142,458,622,4.9,1,99.65201551172119,MQTT
69296f472bf974eeebeaa53b,2025-11-28T15:15:43.147169,6.7,241,142,458,622,4.9,1,99.65201551172119,MQTT
69296f478e9bda51a6283194,2025-11-28T15:15:43.147169,6.7,241,142,458,622,4.9,1,99.65201551172119,MQTT
69296f492bf974eeebeaa53c,2025-11-28T15:15:45.413949,6.7,241,142,458,622,4.9,1,99.65201551172119,MQTT
69296f498e9bda51a6283195,2025-11-28T15:15:45.413949,6.7,241,142,458,622,4.9,1,99.65201551172119,MQTT
69296f4b2bf974eeebeaa53d,2025-11-28T15:15:47.677587,6.7,241,142,458,622,4.9,1,99.6520155117212,MQTT
69296f4b8e9bda51a6283196,2025-11-28T15:15:47.677587,6.7,241,142,458,622,4.9,1,99.6520155117212,MQTT
69296f4d2bf974eeebeaa53e,2025-11-28T15:15:49.767615,6.7,241,142,458,622,4.9,1,99.65201551172119,MQTT
69296f4d8e9bda51a6283197,2025-11-28T15:15:49.769606,6.7,241,142,458,622,4.9,1,99.65201551172119,MQTT
69296f502bf974eeebeaa53f,2025-11-28T15:15:51.906887,6.7,241,142,458,622,4.9,1,99.65201551172117,MQTT
69296f508e9bda51a6283198,2025-11-28T15:15:51.906887,6.7,241,142,458,622,4.9,1,99.65201551172119,MQTT
69296f528e9bda51a6283199,2025-11-28T15:15:54.476312,6.7,241,142,458,622,4.9,1,99.65201551172119,MQTT
69296f522bf974eeebeaa540,2025-11-28T15:15:54.476312,6.7,241,142,458,622,4.9,1,99.6520155117212,MQTT
69296f538e9bda51a628319a,2025-11-28T15:15:55.893866,6.7,241,142,458,622,4.9,1,99.65201551172119,MQTT
69296f532bf974eeebeaa541,2025-11-28T15:15:55.893866,6.7,241,142,458,622,4.9,1,99.65201551172119,MQTT
69296f558e9bda51a628319b,2025-11-28T15:15:57.477484,6.7,241,142,458,622,4.9,1,99.65201551172119,MQTT
69296f552bf974eeebeaa542,2025-11-28T15:15:57.477484,6.7,241,142,458,622,4.9,1,99.65201551172119,MQTT
69296f578e9bda51a628319c,2025-11-28T15:15:59.070605,6.7,241,142,458,622,4.9,1,99.6520155117212,MQTT
69296f572bf974eeebeaa543,2025-11-28T15:15:59.070605,6.7,241,142,458,622,4.9,1,99.6520155117212,MQTT
69296f598e9bda51a628319d,2025-11-28T15:16:01.068912,6.7,241,142,458,622,4.9,1,99.65201551172119,MQTT
69296f592bf974eeebeaa544,2025-11-28T15:16:01.068912,6.7,241,142,458,622,4.9,1,99.65201551172119,MQTT
69296f5b8e9bda51a628319e,2025-11-28T15:16:03.153307,6.7,241,142,458,622,4.9,1,99.65201551172119,MQTT
69296f5b2bf974eeebeaa545,2025-11-28T15:16:03.153307,6.7,241,142,458,622,4.9,1,99.65201551172119,MQTT
69296f5d2bf974eeebeaa546,2025-11-28T15:16:05.510839,6.7,241,142,458,622,4.9,1,99.65201551172119,MQTT
69296f5d8e9bda51a628319f,2025-11-28T15:16:05.510839,6.7,241,142,458,622,4.9,1,99.65201551172119,MQTT
69296f5f2bf974eeebeaa547,2025-11-28T15:16:07.170543,6.7,241,142,458,622,4.9,1,99.65201551172119,MQTT
69296f5f8e9bda51a62831a0,2025-11-28T15:16:07.170543,6.7,241,142,458,622,4.9,1,99.65201551172119,MQTT
69296f618e9bda51a62831a1,2025-11-28T15:16:09.391480,6.7,241,142,458,622,4.9,1,99.65201551172119,MQTT
69296f612bf974eeebeaa548,2025-11-28T15:16:09.391480,6.7,241,142,458,622,4.9,1,99.65201551172119,MQTT
69296f638e9bda51a62831a2,2025-11-28T15:16:11.119694,6.7,241,142,458,622,4.9,1,99.6520155117212,MQTT
69296f632bf974eeebeaa549,2025-11-28T15:16:11.119694,6.7,241,142,458,622,4.9,1,99.65201551172119,MQTT
69296f652bf974eeebeaa54a,2025-11-28T15:16:13.400877,6.7,241,142,458,622,4.9,1,99.65201551172119,MQTT
69296f658e9bda51a62831a3,2025-11-28T15:16:13.400877,6.7,241,142,458,622,4.9,1,99.65201551172117,MQTT
69296f678e9bda51a62831a4,2025-11-28T15:16:15.256899,6.7,241,142,458,622,4.9,1,99.65201551172119,MQTT
69296f672bf974eeebeaa54b,2025-11-28T15:16:15.256899,6.7,241,142,458,622,4.9,1,99.65201551172119,MQTT
69296f698e9bda51a62831a5,2025-11-28T15:16:17.294614,6.7,241,142,458,622,4.9,1,99.65201551172119,MQTT
69296f692bf974eeebeaa54c,2025-11-28T15:16:17.293678,6.7,241,142,458,622,4.9,1,99.65201551172119,MQTT
69296f6e8e9bda51a62831a6,2025-11-28T15:16:22.058222,6.7,241,142,458,622,4.9,1,99.6520155117212,MQTT
69296f6e2bf974eeebeaa54d,2025-11-28T15:16:22.162041,6.7,241,142,458,622,4.9,1,99.6520155117212,MQTT
69296f702bf974eeebeaa54e,2025-11-28T15:16:24.545065,6.7,241,142,458,622,4.9,1,99.65201551172119,MQTT
69296f708e9bda51a62831a7,2025-11-28T15:16:24.545065,6.7,241,142,458,622,4.9,1,99.65201551172117,MQTT
69296f702bf974eeebeaa54f,2025-11-28T15:16:24.640065,6.7,241,142,458,622,4.9,1,99.65201551172119,MQTT
69296f708e9bda51a62831a8,2025-11-28T15:16:24.643021,6.7,241,142,458,622,4.9,1,99.6520155117212,MQTT
69296f712bf974eeebeaa550,2025-11-28T15:16:25.875519,6.7,241,142,458,622,4.9,1,99.65201551172119,MQTT
69296f718e9bda51a62831a9,2025-11-28T15:16:25.875519,6.7,241,142,458,622,4.9,1,99.65201551172119,MQTT
69296f732bf974eeebeaa551,2025-11-28T15:16:27.556325,6.7,241,142,458,622,4.9,1,99.6520155117212,MQTT
69296f738e9bda51a62831aa,2025-11-28T15:16:27.557308,6.7,241,142,458,622,4.9,1,99.65201551172119,MQTT
69296f758e9bda51a62831ab,2025-11-28T15:16:29.314952,6.7,241,142,458,622,4.9,1,99.65201551172119,MQTT
69296f752bf974eeebeaa552,2025-11-28T15:16:29.314952,6.7,241,142,458,622,4.9,1,99.65201551172119,MQTT
69296f778e9bda51a62831ac,2025-11-28T15:16:31.408647,6.7,241,142,458,622,4.9,1,99.65201551172119,MQTT
69296f772bf974eeebeaa553,2025-11-28T15:16:31.408647,6.7,241,142,458,622,4.9,1,99.65201551172119,MQTT
69296f792bf974eeebeaa554,2025-11-28T15:16:33.264491,6.7,241,142,458,622,4.9,1,99.65201551172117,MQTT
69296f798e9bda51a62831ad,2025-11-28T15:16:33.264491,6.7,241,142,458,622,4.9,1,99.65201551172117,MQTT
69296f7b2bf974eeebeaa555,2025-11-28T15:16:35.553554,6.7,241,142,458,622,4.9,1,99.65201551172119,MQTT
69296f7b8e9bda51a62831ae,2025-11-28T15:16:35.553554,6.7,241,142,458,622,4.9,1,99.6520155117212,MQTT
69296f7e8e9bda51a62831af,2025-11-28T15:16:38.395224,6.7,241,142,458,622,4.9,1,99.65201551172119,MQTT
69296f7e2bf974eeebeaa556,2025-11-28T15:16:38.395224,6.7,241,142,458,622,4.9,1,99.65201551172117,MQTT
69296f808e9bda51a62831b0,2025-11-28T15:16:40.122803,6.7,241,142,458,622,4.9,1,99.6520155117212,MQTT
69296f802bf974eeebeaa557,2025-11-28T15:16:40.122803,6.7,241,142,458,622,4.9,1,99.65201551172119,MQTT
69296f818e9bda51a62831b1,2025-11-28T15:16:41.835350,6.7,241,142,458,622,4.9,1,99.6520155117212,MQTT
69296f812bf974eeebeaa558,2025-11-28T15:16:41.835350,6.7,241,142,458,622,4.9,1,99.65201551172119,MQTT
69296f838e9bda51a62831b2,2025-11-28T15:16:43.341273,6.7,241,142,458,622,4.9,1,99.65201551172119,MQTT
69296f832bf974eeebeaa559,2025-11-28T15:16:43.341273,6.7,241,142,458,622,4.9,1,99.65201551172117,MQTT
69296f862bf974eeebeaa55a,2025-11-28T15:16:45.990612,6.7,241,142,458,622,4.9,1,99.65201551172119,MQTT
69296f868e9bda51a62831b3,2025-11-28T15:16:45.990612,6.7,241,142,458,622,4.9,1,99.65201551172119,MQTT
69296f882bf974eeebeaa55b,2025-11-28T15:16:48.233860,6.7,241,142,458,622,4.9,1,99.6520155117212,MQTT
69296f888e9bda51a62831b4,2025-11-28T15:16:48.233860,6.7,241,142,458,622,4.9,1,99.65201551172117,MQTT
69296f8a2bf974eeebeaa55c,2025-11-28T15:16:50.104463,6.7,241,142,458,622,4.9,1,99.65201551172119,MQTT
69296f8a8e9bda51a62831b5,2025-11-28T15:16:50.104463,6.7,241,142,458,622,4.9,1,99.65201551172117,MQTT
69296f8b2bf974eeebeaa55d,2025-11-28T15:16:51.272911,6.7,241,142,458,622,4.9,1,99.65201551172117,MQTT
69296f8b8e9bda51a62831b6,2025-11-28T15:16:51.272911,6.7,241,142,458,622,4.9,1,99.6520155117212,MQTT
69296f8d8e9bda51a62831b7,2025-11-28T15:16:53.658228,6.7,241,142,458,622,4.9,1,99.6520155117212,MQTT
69296f8d2bf974eeebeaa55e,2025-11-28T15:16:53.658228,6.7,241,142,458,622,4.9,1,99.65201551172119,MQTT
69296f908e9bda51a62831b8,2025-11-28T15:16:55.987351,6.7,241,142,458,622,4.9,1,99.6520155117212,MQTT
69296f902bf974eeebeaa55f,2025-11-28T15:16:55.987351,6.7,241,142,458,622,4.9,1,99.65201551172119,MQTT
69296f912bf974eeebeaa560,2025-11-28T15:16:57.904545,6.7,241,142,458,622,4.9,1,99.65201551172119,MQTT
69296f918e9bda51a62831b9,2025-11-28T15:16:57.904545,6.7,241,142,458,622,4.9,1,99.65201551172119,MQTT
69296f942bf974eeebeaa561,2025-11-28T15:17:00.071976,6.7,241,142,458,622,4.9,1,99.65201551172119,MQTT
69296f948e9bda51a62831ba,2025-11-28T15:17:00.071976,6.7,241,142,458,622,4.9,1,99.65201551172117,MQTT
69296f968e9bda51a62831bb,2025-11-28T15:17:02.204884,6.7,241,142,458,622,4.9,1,99.65201551172119,MQTT
69296f962bf974eeebeaa562,2025-11-28T15:17:02.204884,6.7,241,142,458,622,4.9,1,99.6520155117212,MQTT
69296f982bf974eeebeaa563,2025-11-28T15:17:04.037925,6.7,241,142,458,622,4.9,1,99.65201551172117,MQTT
69296f988e9bda51a62831bc,2025-11-28T15:17:04.037925,6.7,241,142,458,622,4.9,1,99.65201551172119,MQTT
69296f998e9bda51a62831bd,2025-11-28T15:17:05.341569,6.7,241,142,458,622,4.9,1,99.65201551172119,MQTT
69296f992bf974eeebeaa564,2025-11-28T15:17:05.341569,6.7,241,142,458,622,4.9,1,99.65201551172119,MQTT
69296f9b2bf974eeebeaa565,2025-11-28T15:17:07.459312,6.7,241,142,458,622,4.9,1,99.6520155117212,MQTT
69296f9b8e9bda51a62831be,2025-11-28T15:17:07.459312,6.7,241,142,458,622,4.9,1,99.65201551172117,MQTT
69296f9d2bf974eeebeaa566,2025-11-28T15:17:09.738837,6.7,241,142,458,622,4.9,1,99.65201551172117,MQTT
69296f9d8e9bda51a62831bf,2025-11-28T15:17:09.738837,6.7,241,142,458,622,4.9,1,99.65201551172117,MQTT
69296f9f2bf974eeebeaa567,2025-11-28T15:17:11.504567,6.7,241,142,458,622,4.9,1,99.65201551172119,MQTT
69296f9f8e9bda51a62831c0,2025-11-28T15:17:11.504567,6.7,241,142,458,622,4.9,1,99.65201551172119,MQTT
69296fa18e9bda51a62831c1,2025-11-28T15:17:13.675678,6.7,241,142,458,622,4.9,1,99.65201551172119,MQTT
69296fa12bf974eeebeaa568,2025-11-28T15:17:13.675678,6.7,241,142,458,622,4.9,1,99.65201551172119,MQTT
69296fa38e9bda51a62831c2,2025-11-28T15:17:15.749542,6.7,241,142,458,622,4.9,1,99.65201551172117,MQTT
69296fa32bf974eeebeaa569,2025-11-28T15:17:15.749542,6.7,241,142,458,622,4.9,1,99.6520155117212,MQTT
69296fa52bf974eeebeaa56a,2025-11-28T15:17:17.344842,6.7,241,142,458,622,4.9,1,99.65201551172119,MQTT
69296fa58e9bda51a62831c3,2025-11-28T15:17:17.344842,6.7,241,142,458,622,4.9,1,99.65201551172119,MQTT
69296fa78e9bda51a62831c4,2025-11-28T15:17:19.655267,6.7,241,142,458,622,4.9,1,99.6520155117212,MQTT
69296fa72bf974eeebeaa56b,2025-11-28T15:17:19.655267,6.7,241,142,458,622,4.9,1,99.65201551172117,MQTT
69296faa8e9bda51a62831c5,2025-11-28T15:17:22.288193,6.7,241,142,458,622,4.9,1,99.65201551172119,MQTT
69296faa2bf974eeebeaa56c,2025-11-28T15:17:22.288193,6.7,241,142,458,622,4.9,1,99.65201551172117,MQTT
69296fab8e9bda51a62831c6,2025-11-28T15:17:23.468038,6.7,241,142,458,622,4.9,1,99.6520155117212,MQTT
69296fab2bf974eeebeaa56d,2025-11-28T15:17:23.468038,6.7,241,142,458,622,4.9,1,99.6520155117212,MQTT
69296fad8e9bda51a62831c7,2025-11-28T15:17:25.460286,6.7,241,142,458,622,4.9,1,99.65201551172119,MQTT
69296fad2bf974eeebeaa56e,2025-11-28T15:17:25.460286,6.7,241,142,458,622,4.9,1,99.65201551172119,MQTT
69296faf2bf974eeebeaa56f,2025-11-28T15:17:27.464225,6.7,241,142,458,622,4.9,1,99.65201551172119,MQTT
69296faf8e9bda51a62831c8,2025-11-28T15:17:27.464225,6.7,241,142,458,622,4.9,1,99.6520155117212,MQTT
69296fb18e9bda51a62831c9,2025-11-28T15:17:29.457250,6.7,241,142,458,622,4.9,1,99.6520155117212,MQTT
69296fb12bf974eeebeaa570,2025-11-28T15:17:29.457250,6.7,241,142,458,622,4.9,1,99.65201551172119,MQTT
69296fb38e9bda51a62831ca,2025-11-28T15:17:31.458904,6.7,241,142,458,622,4.9,1,99.65201551172119,MQTT
69296fb32bf974eeebeaa571,2025-11-28T15:17:31.458904,6.7,241,142,458,622,4.9,1,99.65201551172119,MQTT
69296fb52bf974eeebeaa572,2025-11-28T15:17:33.544841,6.7,241,142,458,622,4.9,1,99.65201551172117,MQTT
69296fb58e9bda51a62831cb,2025-11-28T15:17:33.555497,6.7,241,142,458,622,4.9,1,99.65201551172119,MQTT
69296fb78e9bda51a62831cc,2025-11-28T15:17:35.581385,6.7,241,142,458,622,4.9,1,99.65201551172117,MQTT
69296fb72bf974eeebeaa573,2025-11-28T15:17:35.581385,6.7,241,142,458,622,4.9,1,99.65201551172119,MQTT
69296fb92bf974eeebeaa574,2025-11-28T15:17:37.490070,6.7,241,142,458,622,4.9,1,99.65201551172119,MQTT
69296fb98e9bda51a62831cd,2025-11-28T15:17:37.490070,6.7,241,142,458,622,4.9,1,99.65201551172119,MQTT
69296fbb2bf974eeebeaa575,2025-11-28T15:17:39.692908,6.7,241,142,458,622,4.9,1,99.65201551172117,MQTT
69296fbb8e9bda51a62831ce,2025-11-28T15:17:39.695448,6.7,241,142,458,622,4.9,1,99.6520155117212,MQTT
69296fbd8e9bda51a62831cf,2025-11-28T15:17:41.891332,6.7,241,142,458,622,4.9,1,99.65201551172119,MQTT
69296fbd2bf974eeebeaa576,2025-11-28T15:17:41.891332,6.7,241,142,458,622,4.9,1,99.65201551172119,MQTT
69296fbf2bf974eeebeaa577,2025-11-28T15:17:43.825356,6.7,241,142,458,622,4.9,1,99.65201551172119,MQTT
69296fbf8e9bda51a62831d0,2025-11-28T15:17:43.831318,6.7,241,142,458,622,4.9,1,99.65201551172119,MQTT
69296fc18e9bda51a62831d1,2025-11-28T15:17:45.605722,6.7,241,142,458,622,4.9,1,99.65201551172119,MQTT
69296fc12bf974eeebeaa578,2025-11-28T15:17:45.605722,6.7,241,142,458,622,4.9,1,99.6520155117212,MQTT
69296fc32bf974eeebeaa579,2025-11-28T15:17:47.692174,6.7,241,142,458,622,4.9,1,99.65201551172119,MQTT
69296fc38e9bda51a62831d2,2025-11-28T15:17:47.692174,6.7,241,142,458,622,4.9,1,99.65201551172119,MQTT
69296fc58e9bda51a62831d3,2025-11-28T15:17:49.808423,6.7,241,142,458,622,4.9,1,99.65201551172119,MQTT
69296fc52bf974eeebeaa57a,2025-11-28T15:17:49.808423,6.7,241,142,458,622,4.9,1,99.6520155117212,MQTT
69296fc72bf974eeebeaa57b,2025-11-28T15:17:51.577597,6.7,241,142,458,622,4.9,1,99.65201551172119,MQTT
69296fc78e9bda51a62831d4,2025-11-28T15:17:51.577597,6.7,241,142,458,622,4.9,1,99.65201551172119,MQTT
69296fca8e9bda51a62831d5,2025-11-28T15:17:53.944733,6.7,241,142,458,622,4.9,1,99.6520155117212,MQTT
69296fca2bf974eeebeaa57c,2025-11-28T15:17:53.944733,6.7,241,142,458,622,4.9,1,99.65201551172119,MQTT
69296fcb2bf974eeebeaa57d,2025-11-28T15:17:55.612980,6.7,241,142,458,622,4.9,1,99.6520155117212,MQTT
69296fcb8e9bda51a62831d6,2025-11-28T15:17:55.612980,6.7,241,142,458,622,4.9,1,99.65201551172117,MQTT
69296fcd8e9bda51a62831d7,2025-11-28T15:17:57.809399,6.7,241,142,458,622,4.9,1,99.65201551172119,MQTT
69296fcd2bf974eeebeaa57e,2025-11-28T15:17:57.809399,6.7,241,142,458,622,4.9,1,99.65201551172119,MQTT
69296fcf2bf974eeebeaa57f,2025-11-28T15:17:59.541401,6.7,241,142,458,622,4.9,1,99.65201551172119,MQTT
69296fcf8e9bda51a62831d8,2025-11-28T15:17:59.541401,6.7,241,142,458,622,4.9,1,99.65201551172119,MQTT
69296fd18e9bda51a62831d9,2025-11-28T15:18:01.726094,6.7,241,142,458,622,4.9,1,99.65201551172119,MQTT
69296fd12bf974eeebeaa580,2025-11-28T15:18:01.726094,6.7,241,142,458,622,4.9,1,99.65201551172117,MQTT
69296fd38e9bda51a62831da,2025-11-28T15:18:03.775804,6.7,241,142,458,622,4.9,1,99.65201551172119,MQTT
69296fd32bf974eeebeaa581,2025-11-28T15:18:03.775804,6.7,241,142,458,622,4.9,1,99.65201551172119,MQTT
69296fd62bf974eeebeaa582,2025-11-28T15:18:06.022776,6.7,241,142,458,622,4.9,1,99.65201551172119,MQTT
69296fd68e9bda51a62831db,2025-11-28T15:18:06.022776,6.7,241,142,458,622,4.9,1,99.65201551172119,MQTT
69297d07526ed28fec00641a,2025-11-28T16:14:23.748440,6.7,241,142,458,622,4.9,1,99.65201551172119,MQTT
69297d07882f1afcc116c06f,2025-11-28T16:14:23.757098,6.7,241,142,458,622,4.9,1,99.65201551172117,MQTT
69297d09526ed28fec00641b,2025-11-28T16:14:25.678842,6.7,241,142,458,622,4.9,1,99.65201551172119,MQTT
69297d09882f1afcc116c070,2025-11-28T16:14:25.684376,6.7,241,142,458,622,4.9,1,99.6520155117212,MQTT
69297d0b526ed28fec00641c,2025-11-28T16:14:27.678225,6.7,241,142,458,622,4.9,1,99.65201551172119,MQTT
69297d0b882f1afcc116c071,2025-11-28T16:14:27.684140,6.7,241,142,458,622,4.9,1,99.65201551172119,MQTT
69297d0d526ed28fec00641d,2025-11-28T16:14:29.611468,6.7,241,142,458,622,4.9,1,99.65201551172119,MQTT
69297d0d882f1afcc116c072,2025-11-28T16:14:29.616810,6.7,241,142,458,622,4.9,1,99.65201551172117,MQTT
69297d53526ed28fec00641e,2025-11-28T16:15:39.297378,6.7,241,142,458,622,4.9,1,99.65201551172119,MQTT
69297d53882f1afcc116c073,2025-11-28T16:15:39.302917,6.7,241,142,458,622,4.9,1,99.65201551172119,MQTT
69297d54882f1afcc116c074,2025-11-28T16:15:40.333562,6.7,241,142,458,622,4.9,1,99.65201551172119,MQTT
69297d54526ed28fec00641f,2025-11-28T16:15:40.333562,6.7,241,142,458,622,4.9,1,99.65201551172119,MQTT
69297d55526ed28fec006420,2025-11-28T16:15:41.300730,6.7,241,142,458,622,4.9,1,99.65201551172119,MQTT
69297d55882f1afcc116c075,2025-11-28T16:15:41.312496,6.7,241,142,458,622,4.9,1,99.65201551172119,MQTT
69297d56526ed28fec006421,2025-11-28T16:15:42.310322,6.7,241,142,458,622,4.9,1,99.65201551172119,MQTT
69297d56882f1afcc116c076,2025-11-28T16:15:42.315887,6.7,241,142,458,622,4.9,1,99.65201551172119,MQTT
69297d57526ed28fec006422,2025-11-28T16:15:43.318395,6.7,241,142,458,622,4.9,1,99.65201551172119,MQTT
69297d57882f1afcc116c077,2025-11-28T16:15:43.324500,6.7,241,142,458,622,4.9,1,99.65201551172119,MQTT
69297d58526ed28fec006423,2025-11-28T16:15:44.346510,6.7,241,142,458,622,4.9,1,99.6520155117212,MQTT
69297d58882f1afcc116c078,2025-11-28T16:15:44.354283,6.7,241,142,458,622,4.9,1,99.65201551172119,MQTT
69297d59526ed28fec006424,2025-11-28T16:15:45.361063,6.7,241,142,458,622,4.9,1,99.65201551172119,MQTT
69297d59882f1afcc116c079,2025-11-28T16:15:45.362396,6.7,241,142,458,622,4.9,1,99.6520155117212,MQTT
69297d5a526ed28fec006425,2025-11-28T16:15:46.358083,6.7,241,142,458,622,4.9,1,99.6520155117212,MQTT
69297d5a882f1afcc116c07a,2025-11-28T16:15:46.362894,6.7,241,142,458,622,4.9,1,99.65201551172117,MQTT
69297d5b526ed28fec006426,2025-11-28T16:15:47.392873,6.7,241,142,458,622,4.9,1,99.65201551172117,MQTT
69297d5b882f1afcc116c07b,2025-11-28T16:15:47.431097,6.7,241,142,458,622,4.9,1,99.65201551172119,MQTT
69297d5c882f1afcc116c07c,2025-11-28T16:15:48.367577,6.7,241,142,458,622,4.9,1,99.65201551172119,MQTT
69297d5c526ed28fec006427,2025-11-28T16:15:48.361475,6.7,241,142,458,622,4.9,1,99.6520155117212,MQTT
69297d5d526ed28fec006428,2025-11-28T16:15:49.357081,6.7,241,142,458,622,4.9,1,99.65201551172119,MQTT
69297d5d882f1afcc116c07d,2025-11-28T16:15:49.365349,6.7,241,142,458,622,4.9,1,99.65201551172119,MQTT
69297d60526ed28fec006429,2025-11-28T16:15:52.534571,6.7,241,142,458,622,4.9,1,99.6520155117212,MQTT
69297d60882f1afcc116c07e,2025-11-28T16:15:52.540008,6.7,241,142,458,622,4.9,1,99.65201551172119,MQTT
69297d61526ed28fec00642a,2025-11-28T16:15:53.504684,6.7,241,142,458,622,4.9,1,99.65201551172119,MQTT
69297d61882f1afcc116c07f,2025-11-28T16:15:53.507192,6.7,241,142,458,622,4.9,1,99.65201551172119,MQTT
69297d67882f1afcc116c080,2025-11-28T16:15:58.941242,6.7,241,142,458,622,4.9,1,99.65201551172117,MQTT
69297d67526ed28fec00642b,2025-11-28T16:15:58.938641,6.7,241,142,458,622,4.9,1,99.65201551172119,MQTT
69297d68526ed28fec00642c,2025-11-28T16:16:00.038089,6.7,241,142,458,622,4.9,1,99.6520155117212,MQTT
69297d68882f1afcc116c081,2025-11-28T16:16:00.044811,6.7,241,142,458,622,4.9,1,99.65201551172117,MQTT
69297d69526ed28fec00642d,2025-11-28T16:16:01.184957,6.7,241,142,458,622,4.9,1,99.65201551172119,MQTT
69297d69882f1afcc116c082,2025-11-28T16:16:01.202620,6.7,241,142,458,622,4.9,1,99.65201551172119,MQTT
69297d6a526ed28fec00642e,2025-11-28T16:16:01.993105,6.7,273,142,458,622,4.9,1,99.65269210170766,MQTT
69297d6a882f1afcc116c083,2025-11-28T16:16:02.001618,6.7,273,142,458,622,4.9,1,99.65269210170766,MQTT
69297d6b526ed28fec00642f,2025-11-28T16:16:03.004192,6.7,480,142,458,622,4.9,0,99.00037993920972,MQTT
69297d6b882f1afcc116c084,2025-11-28T16:16:03.011535,6.7,480,142,458,622,4.9,0,99.00037993920972,MQTT
69297d6c526ed28fec006430,2025-11-28T16:16:03.997890,6.7,480,83,458,622,4.9,0,99.04545454545455,MQTT
69297d6c882f1afcc116c085,2025-11-28T16:16:04.006985,6.7,480,83,458,622,4.9,0,99.04545454545455,MQTT
69297d6d526ed28fec006431,2025-11-28T16:16:04.992980,6.7,480,83,458,622,4.9,0,99.04545454545455,MQTT
69297d6d882f1afcc116c086,2025-11-28T16:16:05.008962,6.7,480,83,458,622,4.9,0,99.04545454545455,MQTT
69297d6e526ed28fec006432,2025-11-28T16:16:06.021320,8.8,480,83,458,622,4.9,0,100,MQTT
69297d6e882f1afcc116c087,2025-11-28T16:16:06.028784,8.8,480,83,458,622,4.9,0,100,MQTT
69297d84526ed28fec006433,2025-11-28T16:16:07.038208,8.8,480,83,606,622,4.9,0,100,MQTT
69297d84882f1afcc116c088,2025-11-28T16:16:07.045908,8.8,480,83,606,622,4.9,0,100,MQTT
69297d99526ed28fec006434,2025-11-28T16:16:28.201213,8.8,480,83,752,622,4.9,0,100,MQTT
69297d99882f1afcc116c089,2025-11-28T16:16:28.200191,8.8,480,83,752,622,4.9,0,100,MQTT
69297dae882f1afcc116c08a,2025-11-28T16:16:49.347643,8.8,480,83,752,622,4.9,0,100,MQTT
69297dae526ed28fec006435,2025-11-28T16:16:49.347643,8.8,480,83,752,622,4.9,0,100,MQTT
69297dc3526ed28fec006436,2025-11-28T16:17:10.488061,8.8,480,83,752,137,4.9,0,100,MQTT
69297dc3882f1afcc116c08b,2025-11-28T16:17:10.488061,8.8,480,83,752,137,4.9,0,100,MQTT
69297dd8526ed28fec006437,2025-11-28T16:17:31.623550,8.8,480,83,752,137,2.8,0,100,MQTT
69297dd8882f1afcc116c08c,2025-11-28T16:17:31.639871,8.8,480,83,752,137,2.8,0,100,MQTT
69297df0526ed28fec006438,2025-11-28T16:17:55.263952,8.2,496,159,152,148,1.6,0,100,MQTT
69297df0882f1afcc116c08d,2025-11-28T16:17:55.306168,8.2,496,159,152,148,1.6,0,100,MQTT
69297e05526ed28fec006439,2025-11-28T16:18:16.433784,8.2,205,159,152,148,1.6,0,99.5,MQTT
69297e05882f1afcc116c08e,2025-11-28T16:18:16.449868,8.2,205,159,152,148,1.6,0,99.5,MQTT
69297e1a526ed28fec00643a,2025-11-28T16:18:37.585212,8.2,69,159,152,148,1.6,0,100,MQTT
69297e1a882f1afcc116c08f,2025-11-28T16:18:37.616784,8.2,69,159,152,148,1.6,0,100,MQTT
69297e2f526ed28fec00643b,2025-11-28T16:18:58.724676,6.4,82,159,152,148,1.6,0,100,MQTT
69297e2f882f1afcc116c090,2025-11-28T16:18:58.747958,6.4,82,159,152,148,1.6,0,100,MQTT
69297e45526ed28fec00643c,2025-11-28T16:19:19.889824,8.2,139,159,152,148,1.6,0,100,MQTT
69297e45882f1afcc116c091,2025-11-28T16:19:19.904485,8.2,139,159,152,148,1.6,0,100,MQTT
69297e5a882f1afcc116c092,2025-11-28T16:19:41.070461,6.9,496,159,152,148,1.6,0,100,MQTT
69297e5a526ed28fec00643d,2025-11-28T16:19:41.055169,6.9,496,159,152,148,1.6,0,100,MQTT
69297e72526ed28fec00643e,2025-11-28T16:20:05.480412,7.8,410,281,615,338,3.5,0,100,MQTT
69297e72882f1afcc116c093,2025-11-28T16:20:05.480412,7.8,410,281,615,338,3.5,0,100,MQTT
69297e87882f1afcc116c094,2025-11-28T16:20:26.615088,7.8,410,281,615,915,6.4,0,100,MQTT
69297e87526ed28fec00643f,2025-11-28T16:20:26.615088,7.8,410,281,615,915,6.4,0,100,MQTT
69297e9c882f1afcc116c095,2025-11-28T16:20:47.778869,7.8,143,100,615,915,6.4,0,99.5108225108225,MQTT
69297e9c526ed28fec006440,2025-11-28T16:20:47.778869,7.8,143,100,615,915,6.4,0,99.5108225108225,MQTT
69297eb2882f1afcc116c096,2025-11-28T16:21:08.925589,5.5,143,100,615,915,6.4,0,100,MQTT
69297eb2526ed28fec006441,2025-11-28T16:21:08.943974,5.5,143,100,615,915,6.4,0,100,MQTT
69297ec7882f1afcc116c097,2025-11-28T16:21:30.069476,8.8,490,252,615,915,6.8,0,100,MQTT
69297ec7526ed28fec006442,2025-11-28T16:21:30.084429,8.8,490,252,615,915,6.8,0,100,MQTT
69297edc882f1afcc116c098,2025-11-28T16:21:51.180116,8.8,490,252,615,333,2.2,0,100,MQTT
69297edc526ed28fec006443,2025-11-28T16:21:51.197490,8.8,490,252,615,333,2.2,0,100,MQTT
69297ef3882f1afcc116c099,2025-11-28T16:22:14.530537,8.8,74,81,372,346,2.4,0,100,MQTT
69297ef3526ed28fec006444,2025-11-28T16:22:14.526623,8.8,74,81,372,346,2.4,0,100,MQTT
69297f08526ed28fec006445,2025-11-28T16:22:35.709246,8.8,74,81,372,346,2.4,0,100,MQTT
69297f08882f1afcc116c09a,2025-11-28T16:22:35.708248,8.8,74,81,372,346,2.4,0,100,MQTT
69297f1d526ed28fec006446,2025-11-28T16:22:56.853734,8.8,74,81,372,346,2.4,0,100,MQTT
69297f1d882f1afcc116c09b,2025-11-28T16:22:56.853734,8.8,74,81,372,346,2.4,0,100,MQTT
69297f33882f1afcc116c09c,2025-11-28T16:23:17.997776,8.8,74,81,372,346,2.4,0,100,MQTT
69297f33526ed28fec006447,2025-11-28T16:23:17.997776,8.8,74,81,372,346,2.4,0,100,MQTT
69297f4e526ed28fec006448,2025-11-28T16:23:39.167172,8.8,74,81,372,346,2.4,0,100,MQTT
69297f4e882f1afcc116c09d,2025-11-28T16:23:39.167172,8.8,74,81,372,346,2.4,0,100,MQTT
69297f59882f1afcc116c09e,2025-11-28T16:24:06.417952,8.8,74,81,372,346,2.4,0,100,MQTT
69297f59526ed28fec006449,2025-11-28T16:24:06.422148,8.8,74,81,372,346,2.4,0,100,MQTT
69297f65882f1afcc116c09f,2025-11-28T16:24:17.962300,8.8,74,81,372,346,2.4,0,100,MQTT
69297f65526ed28fec00644a,2025-11-28T16:24:17.962300,8.8,74,81,372,346,2.4,0,100,MQTT
6929a16d63bc0cdf15d50038,2025-11-28T18:49:41.442598,5.5,69,66,152,137,1.3,0,100,MQTT
6929a16dd52f13a33eaaa430,2025-11-28T18:49:41.443604,5.5,69,66,152,137,1.3,0,100,MQTT
6929a16e63bc0cdf15d50039,2025-11-28T18:49:42.400501,5.5,69,66,152,137,1.3,0,100,MQTT
6929a16ed52f13a33eaaa431,2025-11-28T18:49:42.400501,5.5,69,66,152,137,1.3,0,100,MQTT
6929a16fd52f13a33eaaa432,2025-11-28T18:49:43.383367,5.5,69,66,152,137,1.3,0,100,MQTT
6929a16f63bc0cdf15d5003a,2025-11-28T18:49:43.383367,5.5,69,66,152,137,1.3,0,100,MQTT
6929a17063bc0cdf15d5003b,2025-11-28T18:49:44.380495,5.5,69,66,152,137,1.3,0,100,MQTT
6929a170d52f13a33eaaa433,2025-11-28T18:49:44.380495,5.5,69,66,152,137,1.3,0,100,MQTT
6929a18663bc0cdf15d5003c,2025-11-28T18:49:45.375057,5.5,69,66,152,137,1.3,0,100,MQTT
6929a186d52f13a33eaaa434,2025-11-28T18:49:45.375057,5.5,69,66,152,137,1.3,0,100,MQTT
6929a19b63bc0cdf15d5003d,2025-11-28T18:50:06.587134,5.5,69,66,152,137,1.3,0,100,MQTT
6929a19bd52f13a33eaaa435,2025-11-28T18:50:06.586117,5.5,69,66,152,137,1.3,0,100,MQTT
6929a1b063bc0cdf15d5003e,2025-11-28T18:50:27.724369,5.5,69,66,152,137,1.3,0,100,MQTT
6929a1b0d52f13a33eaaa436,2025-11-28T18:50:27.738653,5.5,69,66,152,137,1.3,0,100,MQTT
6929a1b8d52f13a33eaaa437,2025-11-28T18:50:56.515959,7,286,217,592,750,3.6,1,99.74258868941415,MQTT
6929a1b863bc0cdf15d5003f,2025-11-28T18:50:56.515959,7,286,217,592,750,3.6,1,99.74258868941415,MQTT
6929a1b9d52f13a33eaaa438,2025-11-28T18:50:57.552125,7,286,217,592,750,3.6,1,99.74258868941416,MQTT
6929a1b963bc0cdf15d50040,2025-11-28T18:50:57.558891,7,286,217,592,750,3.6,1,99.74258868941415,MQTT
6929a1bad52f13a33eaaa439,2025-11-28T18:50:58.530740,8.4,286,217,592,750,3.6,1,99.69728691045904,MQTT
6929a1ba63bc0cdf15d50041,2025-11-28T18:50:58.530740,8.4,286,217,592,750,3.6,1,99.69728691045903,MQTT
6929a1bb63bc0cdf15d50042,2025-11-28T18:50:59.543048,8.4,286,217,592,750,3.6,1,99.69728691045904,MQTT
6929a1bbd52f13a33eaaa43a,2025-11-28T18:50:59.543048,8.4,286,217,592,750,3.6,1,99.69728691045904,MQTT
6929a1bcd52f13a33eaaa43b,2025-11-28T18:51:00.874524,8.4,286,217,592,750,3.6,1,99.69728691045904,MQTT
6929a1bc63bc0cdf15d50043,2025-11-28T18:51:00.874524,8.4,286,217,592,750,3.6,1,99.69728691045904,MQTT
6929a1bdd52f13a33eaaa43c,2025-11-28T18:51:01.570209,8.4,286,217,592,750,3.6,1,99.69728691045904,MQTT
6929a1bd63bc0cdf15d50044,2025-11-28T18:51:01.570209,8.4,286,217,592,750,3.6,1,99.69728691045904,MQTT
6929a1be63bc0cdf15d50045,2025-11-28T18:51:02.568108,8.4,286,217,592,750,3.6,1,99.69728691045904,MQTT
6929a1bed52f13a33eaaa43d,2025-11-28T18:51:02.568108,8.4,286,217,592,750,3.6,1,99.69728691045904,MQTT
6929a1bf63bc0cdf15d50046,2025-11-28T18:51:03.614921,8.4,494,217,592,750,3.6,0,99.5,MQTT
6929a1c0d52f13a33eaaa43e,2025-11-28T18:51:04.037229,8.4,494,217,592,750,3.6,0,99.5,MQTT
6929a1c063bc0cdf15d50047,2025-11-28T18:51:04.588385,8.4,494,217,592,750,3.6,0,99.5,MQTT
6929a1c0d52f13a33eaaa43f,2025-11-28T18:51:04.588385,8.4,494,217,592,750,3.6,0,99.5,MQTT
6929a1c163bc0cdf15d50048,2025-11-28T18:51:05.599528,8.4,494,281,592,750,3.6,0,100,MQTT
6929a1c1d52f13a33eaaa440,2025-11-28T18:51:05.599528,8.4,494,281,592,750,3.6,0,100,MQTT
6929a1c263bc0cdf15d50049,2025-11-28T18:51:06.609654,8.4,494,281,592,750,3.2,0,100,MQTT
6929a1c2d52f13a33eaaa441,2025-11-28T18:51:06.609654,8.4,494,281,592,750,3.2,0,100,MQTT
6929a1d8d52f13a33eaaa442,2025-11-28T18:51:07.604620,8.4,494,281,592,750,7,0,100,MQTT
6929a1d863bc0cdf15d5004a,2025-11-28T18:51:07.604620,8.4,494,281,592,750,7,0,100,MQTT
6929a1ed63bc0cdf15d5004b,2025-11-28T18:51:28.768031,8.4,494,281,592,750,7.3,0,100,MQTT
6929a1edd52f13a33eaaa443,2025-11-28T18:51:28.767420,8.4,494,281,592,750,7.3,0,100,MQTT
6929a203d52f13a33eaaa444,2025-11-28T18:51:49.923235,8.4,494,281,592,750,7.3,0,100,MQTT
6929a20363bc0cdf15d5004c,2025-11-28T18:51:49.923235,8.4,494,281,592,750,7.3,0,100,MQTT
6929a218d52f13a33eaaa445,2025-11-28T18:52:11.065501,8.4,494,281,592,912,7.3,0,100,MQTT
6929a21863bc0cdf15d5004d,2025-11-28T18:52:11.082682,8.4,494,281,592,912,7.3,0,100,MQTT
6929a22dd52f13a33eaaa446,2025-11-28T18:52:32.207669,8.4,494,281,592,904,7.3,0,100,MQTT
6929a22d63bc0cdf15d5004e,2025-11-28T18:52:32.239304,8.4,494,281,592,904,7.3,0,100,MQTT
6929a22fd52f13a33eaaa447,2025-11-28T18:52:55.437841,7.7,395,109,749,904,3.3,1,99.08094056295452,MQTT
6929a22f63bc0cdf15d5004f,2025-11-28T18:52:55.437841,7.7,395,109,749,904,3.3,1,99.08094056295454,MQTT
6929a23063bc0cdf15d50050,2025-11-28T18:52:56.469819,7.7,395,109,749,904,3.3,1,99.08094056295454,MQTT
6929a230d52f13a33eaaa448,2025-11-28T18:52:56.469819,7.7,395,109,749,904,3.3,1,99.08094056295454,MQTT
6929a231d52f13a33eaaa449,2025-11-28T18:52:57.443252,7.7,395,109,749,904,3.3,1,99.08094056295455,MQTT
6929a23163bc0cdf15d50051,2025-11-28T18:52:57.450365,7.7,395,109,749,904,3.3,1,99.08094056295454,MQTT
6929a23263bc0cdf15d50052,2025-11-28T18:52:58.456961,7.7,395,109,749,904,3.3,1,99.08094056295455,MQTT
6929a232d52f13a33eaaa44a,2025-11-28T18:52:58.456961,7.7,395,109,749,904,3.3,1,99.08094056295454,MQTT
6929a233d52f13a33eaaa44b,2025-11-28T18:52:59.457643,7.7,395,109,749,904,3.3,1,99.08094056295454,MQTT
6929a23363bc0cdf15d50053,2025-11-28T18:52:59.467358,7.7,395,109,749,904,3.3,1,99.08094056295455,MQTT
6929a2a163bc0cdf15d50054,2025-11-28T18:54:49.415847,7.7,395,109,749,904,3.3,1,99.08094056295454,MQTT
6929a2a1d52f13a33eaaa44c,2025-11-28T18:54:49.415847,7.7,395,109,749,904,3.3,1,99.08094056295455,MQTT
6929a2a2d52f13a33eaaa44d,2025-11-28T18:54:50.387639,7.7,395,109,749,904,3.3,1,99.08094056295455,MQTT
6929a2a263bc0cdf15d50055,2025-11-28T18:54:50.406424,7.7,395,109,749,904,3.3,1,99.08094056295455,MQTT
6929a2a3d52f13a33eaaa44e,2025-11-28T18:54:51.427677,7.7,395,109,749,904,3.3,1,99.08094056295455,MQTT
6929a2a363bc0cdf15d50056,2025-11-28T18:54:51.427677,7.7,395,109,749,904,3.3,1,99.08094056295455,MQTT
6929a2a663bc0cdf15d50057,2025-11-28T18:54:54.091518,7.7,395,109,749,904,3.3,1,99.08094056295452,MQTT
6929a2a6d52f13a33eaaa44f,2025-11-28T18:54:54.091518,7.7,395,109,749,904,3.3,1,99.08094056295455,MQTT
6929a2a7d52f13a33eaaa450,2025-11-28T18:54:55.087755,7.7,395,109,749,904,3.3,1,99.08094056295455,MQTT
6929a2a763bc0cdf15d50058,2025-11-28T18:54:55.087755,7.7,395,109,749,904,3.3,1,99.08094056295455,MQTT
6929a2a8d52f13a33eaaa451,2025-11-28T18:54:56.150833,7.7,395,109,749,904,3.3,1,99.08094056295454,MQTT
6929a2a863bc0cdf15d50059,2025-11-28T18:54:56.150833,7.7,395,109,749,904,3.3,1,99.08094056295455,MQTT
6929a2aed52f13a33eaaa452,2025-11-28T18:55:02.070169,7.7,395,109,749,904,3.3,1,99.08094056295455,MQTT
6929a2ae63bc0cdf15d5005a,2025-11-28T18:55:02.072580,7.7,395,109,749,904,3.3,1,99.08094056295454,MQTT
6929a2afd52f13a33eaaa453,2025-11-28T18:55:03.077683,7.7,395,109,749,904,3.3,1,99.08094056295454,MQTT
6929a2af63bc0cdf15d5005b,2025-11-28T18:55:03.083568,7.7,395,109,749,904,3.3,1,99.08094056295454,MQTT
6929a2b1d52f13a33eaaa454,2025-11-28T18:55:05.507879,7.7,395,109,749,904,3.3,1,99.08094056295454,MQTT
6929a2b163bc0cdf15d5005c,2025-11-28T18:55:05.507879,7.7,395,109,749,904,3.3,1,99.08094056295452,MQTT
6929a2b2d52f13a33eaaa455,2025-11-28T18:55:06.489407,7.7,395,109,749,904,3.3,1,99.08094056295455,MQTT
6929a2b263bc0cdf15d5005d,2025-11-28T18:55:06.489407,7.7,395,109,749,904,3.3,1,99.08094056295455,MQTT
6929a2b463bc0cdf15d5005e,2025-11-28T18:55:08.667400,7.7,395,109,749,904,3.3,1,99.08094056295454,MQTT
6929a2b4d52f13a33eaaa456,2025-11-28T18:55:08.667400,7.7,395,109,749,904,3.3,1,99.08094056295452,MQTT
6929a2bfd52f13a33eaaa457,2025-11-28T18:55:19.743158,7.7,395,109,749,904,3.3,1,99.08094056295454,MQTT
6929a2bf63bc0cdf15d5005f,2025-11-28T18:55:19.766606,7.7,395,109,749,904,3.3,1,99.08094056295455,MQTT
6929a2c2d52f13a33eaaa458,2025-11-28T18:55:22.047995,7.7,395,109,749,904,3.3,1,99.08094056295455,MQTT
6929a2c263bc0cdf15d50060,2025-11-28T18:55:22.047995,7.7,395,109,749,904,3.3,1,99.08094056295454,MQTT
6929a2c363bc0cdf15d50061,2025-11-28T18:55:23.088570,7.7,395,109,749,904,3.3,1,99.08094056295454,MQTT
6929a2c3d52f13a33eaaa459,2025-11-28T18:55:23.088570,7.7,395,109,749,904,3.3,1,99.08094056295454,MQTT
6929a2c463bc0cdf15d50062,2025-11-28T18:55:24.066338,7.7,395,109,749,904,3.3,1,99.08094056295452,MQTT
6929a2c4d52f13a33eaaa45a,2025-11-28T18:55:24.066338,7.7,395,109,749,904,3.3,1,99.08094056295454,MQTT
6929a2c5d52f13a33eaaa45b,2025-11-28T18:55:25.241054,7.7,395,109,749,904,3.3,1,99.08094056295454,MQTT
6929a2c563bc0cdf15d50063,2025-11-28T18:55:25.244559,7.7,395,109,749,904,3.3,1,99.08094056295452,MQTT
6929a2d4d52f13a33eaaa45c,2025-11-28T18:55:40.610278,7.7,395,109,749,904,3.3,1,99.08094056295454,MQTT
6929a2d463bc0cdf15d50064,2025-11-28T18:55:40.613277,7.7,395,109,749,904,3.3,1,99.08094056295455,MQTT
6929a2d7d52f13a33eaaa45d,2025-11-28T18:55:43.241260,7.7,395,109,749,904,3.3,1,99.08094056295455,MQTT
6929a2d763bc0cdf15d50065,2025-11-28T18:55:43.241260,7.7,395,109,749,904,3.3,1,99.08094056295454,MQTT
6929a2e9d52f13a33eaaa45e,2025-11-28T18:56:01.449923,7.7,395,109,749,904,3.3,1,99.08094056295454,MQTT
6929a2e963bc0cdf15d50066,2025-11-28T18:56:01.449923,7.7,395,109,749,904,3.3,1,99.08094056295455,MQTT
6929a2ea63bc0cdf15d50067,2025-11-28T18:56:02.506810,7.7,395,109,749,904,3.3,1,99.08094056295455,MQTT
6929a2ead52f13a33eaaa45f,2025-11-28T18:56:02.890974,7.7,395,109,749,904,3.3,1,99.08094056295454,MQTT
